Team,Player,Tournament,Matches,Batting Innings,Not Out,Runds Scored,Highest Score,Batting Average,Balls Faced,Batting Strike Rate,100,50,0,4s,6s,Bowling Innings,Overs Bowled,Maidens Bowled,Runs Conceded,Wickets Taken,Best Bowling Figures,Bowling Average,Bowling Economy Rate,Bowling Strike Rate,4+ Innings Wickets,5+ Innings Wickets,Catches Taken,Stumpings Made
Delhi Daredevils,CH Morris,IPL 2016,12,7,4,195,82*,65.00,109,178.89,0,1,1,15,12,12,44.0,0,308,13,2/30,23.69,7.00,20.3,0,0,8,0
Delhi Daredevils,CH Morris,IPL 2017,9,9,4,154,52*,30.80,94,163.82,0,1,0,15,6,9,31.0,0,240,12,4/26,20.00,7.74,15.5,1,0,5,0
Delhi Daredevils,CH Morris,IPL 2018,4,4,3,46,27*,46.00,26,176.92,0,0,0,3,2,4,14.0,0,143,3,2/41,47.66,10.21,28.0,0,0,2,0
Delhi Daredevils,JP Duminy,IPL 2016,10,8,3,191,49*,38.20,156,122.43,0,0,0,13,3,5,7.0,0,55,2,1/4,27.50,7.85,21.0,0,0,3,0
Delhi Daredevils,Q de Kock,IPL 2016,13,13,1,445,108,37.08,327,136.08,1,3,0,52,13,-,-,-,-,-,-,-,-,-,-,-,2,2
Delhi Daredevils,KK Nair,IPL 2016,14,12,2,357,83*,35.70,297,120.20,0,3,0,40,6,-,-,-,-,-,-,-,-,-,-,-,3,0
Delhi Daredevils,KK Nair,IPL 2017,14,13,0,281,64,21.61,226,124.33,0,1,1,39,6,-,-,-,-,-,-,-,-,-,-,-,2,0
Delhi Daredevils,P Negi,IPL 2016,8,6,4,57,19*,28.50,59,96.61,0,0,0,2,3,5,9.0,0,84,1,1/19,84.00,9.33,54.0,0,0,2,0
Delhi Daredevils,SV Samson,IPL 2016,14,14,3,291,60,26.45,259,112.35,0,1,0,20,8,-,-,-,-,-,-,-,-,-,-,-,3,1
Delhi Daredevils,SV Samson,IPL 2017,14,14,0,386,102,27.57,273,141.39,1,2,2,32,19,-,-,-,-,-,-,-,-,-,-,-,4,0
Delhi Daredevils,RR Pant,IPL 2016,10,10,2,198,69,24.75,152,130.26,0,1,0,19,6,-,-,-,-,-,-,-,-,-,-,-,3,0
Delhi Daredevils,RR Pant,IPL 2017,14,14,0,366,97,26.14,221,165.61,0,2,3,28,24,-,-,-,-,-,-,-,-,-,-,-,8,3
Delhi Daredevils,RR Pant,IPL 2018,14,14,1,684,128*,52.61,394,173.60,1,5,1,68,37,-,-,-,-,-,-,-,-,-,-,-,4,2
Delhi Daredevils,SW Billings,IPL 2016,5,4,0,88,54,22.00,64,137.50,0,1,0,4,4,-,-,-,-,-,-,-,-,-,-,-,3,0
Delhi Daredevils,SW Billings,IPL 2017,6,6,0,138,55,23.00,104,132.69,0,1,1,19,1,-,-,-,-,-,-,-,-,-,-,-,4,0
Delhi Daredevils,CR Brathwaite,IPL 2016,8,6,0,83,34,13.83,38,218.42,0,0,0,6,8,8,23.1,0,189,7,3/47,27.00,8.15,19.8,0,0,3,0
Delhi Daredevils,CR Brathwaite,IPL 2017,2,2,0,12,11,6.00,15,80.00,0,0,0,2,0,2,6.0,0,67,1,1/38,67.00,11.16,36.0,0,0,0,0
Delhi Daredevils,MA Agarwal,IPL 2016,3,3,0,27,10,9.00,25,108.00,0,0,0,3,1,-,-,-,-,-,-,-,-,-,-,-,0,0
Delhi Daredevils,SS Iyer,IPL 2016,6,6,0,30,19,5.00,43,69.76,0,0,3,2,1,-,-,-,-,-,-,-,-,-,-,-,4,0
Delhi Daredevils,SS Iyer,IPL 2017,12,12,2,338,96,33.80,243,139.09,0,2,0,36,10,-,-,-,-,-,-,-,-,-,-,-,3,0
Delhi Daredevils,SS Iyer,IPL 2018,14,14,3,411,93*,37.36,310,132.58,0,4,0,29,21,-,-,-,-,-,-,-,-,-,-,-,5,0
Delhi Daredevils,Imran Tahir,IPL 2016,4,1,0,5,5,5.00,7,71.42,0,0,0,1,0,4,16.0,0,138,5,3/24,27.60,8.62,19.2,0,0,0,0
Delhi Daredevils,Z Khan,IPL 2016,12,2,0,6,4,3.00,13,46.15,0,0,0,1,0,12,43.4,1,337,10,3/21,33.70,7.71,26.2,0,0,0,0
Delhi Daredevils,Z Khan,IPL 2017,11,3,2,4,2,4.00,13,30.76,0,0,0,0,0,11,40.1,0,313,10,3/20,31.30,7.79,24.1,0,0,4,0
Delhi Daredevils,J Yadav,IPL 2016,5,2,0,6,5,3.00,10,60.00,0,0,0,0,0,5,17.0,0,125,2,1/23,62.50,7.35,51.0,0,0,1,0
Delhi Daredevils,J Yadav,IPL 2017,2,-,-,-,-,-,-,-,-,-,-,-,-,2,6.0,0,42,0,-,-,7.00,-,0,0,0,0
Delhi Daredevils,A Mishra,IPL 2016,14,2,0,4,3,2.00,14,28.57,0,0,0,0,0,14,46.0,0,344,13,4/11,26.46,7.47,21.2,1,0,3,0
Delhi Daredevils,A Mishra,IPL 2017,14,6,5,49,13*,49.00,52,94.23,0,0,0,2,2,14,38.5,1,343,10,3/11,34.30,8.83,23.3,0,0,3,0
Delhi Daredevils,A Mishra,IPL 2018,10,1,1,1,1*,-,2,50.00,0,0,0,0,0,10,37.0,1,264,12,3/19,22.00,7.13,18.5,0,0,0,0
Delhi Daredevils,NM Coulter-Nile,IPL 2016,4,2,2,9,7*,-,14,64.28,0,0,0,1,0,4,15.0,0,114,3,2/25,38.00,7.60,30.0,0,0,0,0
Delhi Daredevils,Mohammed Shami,IPL 2016,8,2,2,2,2*,-,4,50.00,0,0,0,0,0,8,25.1,0,244,5,2/34,48.80,9.69,30.2,0,0,1,0
Delhi Daredevils,Mohammed Shami,IPL 2017,8,6,2,36,21,9.00,24,150.00,0,0,0,4,2,8,26.0,0,243,5,2/36,48.60,9.34,31.2,0,0,0,0
Delhi Daredevils,Mohammed Shami,IPL 2018,4,1,0,7,7,7.00,6,116.66,0,0,0,1,0,4,13.5,0,144,3,1/29,48.00,10.40,27.6,0,0,2,0
Delhi Daredevils,S Nadeem,IPL 2016,4,1,1,1,1*,-,5,20.00,0,0,0,0,0,4,15.0,0,127,2,2/23,63.50,8.46,45.0,0,0,0,0
Delhi Daredevils,S Nadeem,IPL 2017,7,4,1,2,2,0.66,9,22.22,0,0,2,0,0,7,17.5,0,119,6,2/13,19.83,6.67,17.8,0,0,2,0
Delhi Daredevils,S Nadeem,IPL 2018,6,1,1,6,6*,-,8,75.00,0,0,0,0,0,6,15.0,0,161,3,2/34,53.66,10.73,30.0,0,0,1,0
Delhi Daredevils,GJ Maxwell,IPL 2018,12,12,0,169,47,14.08,120,140.83,0,0,0,14,9,10,16.0,0,132,5,2/22,26.40,8.25,19.2,0,0,4,0
Delhi Daredevils,G Gambhir,IPL 2018,6,5,0,85,55,17.00,88,96.59,0,1,0,8,1,-,-,-,-,-,-,-,-,-,-,-,1,0
Delhi Daredevils,C Munro,IPL 2018,5,5,0,63,33,12.60,41,153.65,0,0,2,7,4,-,-,-,-,-,-,-,-,-,-,-,2,0
Delhi Daredevils,HV Patel,IPL 2018,5,2,1,60,36*,60.00,33,181.81,0,0,0,1,6,5,17.3,0,167,7,3/28,23.85,9.54,15.0,0,0,0,0
Delhi Daredevils,NV Ojha,IPL 2018,1,1,0,1,1,1.00,4,25.00,0,0,0,0,0,-,-,-,-,-,-,-,-,-,-,-,0,0
Delhi Daredevils,AP Tare,IPL 2017,3,3,0,18,18,6.00,23,78.26,0,0,2,3,0,-,-,-,-,-,-,-,-,-,-,-,0,0
Delhi Daredevils,TA Boult,IPL 2018,14,1,0,0,0,0.00,2,0.00,0,0,1,0,0,14,52.4,1,466,18,2/20,25.88,8.84,17.5,0,0,9,0
Delhi Daredevils,CJ Anderson,IPL 2017,11,11,4,142,41*,20.28,123,115.44,0,0,1,8,9,8,18.5,0,186,3,1/23,62.00,9.87,37.6,0,0,5,0
Delhi Daredevils,K Rabada,IPL 2017,6,3,0,55,44,18.33,64,85.93,0,0,1,5,1,6,21.2,0,188,6,2/20,31.33,8.81,21.3,0,0,0,0
Delhi Daredevils,AD Mathews,IPL 2017,3,2,0,32,31,16.00,27,118.51,0,0,0,2,1,2,5.0,0,56,0,-,-,11.20,-,0,0,2,0
Delhi Daredevils,PJ Cummins,IPL 2017,12,9,4,77,24,15.40,53,145.28,0,0,0,5,4,12,46.1,0,373,15,2/20,24.86,8.07,18.4,0,0,1,0
Delhi Daredevils,MN Samuels,IPL 2017,5,4,0,29,27,7.25,31,93.54,0,0,1,1,2,2,3.0,0,34,0,-,-,11.33,-,0,0,1,0
Delhi Daredevils,AR Bawne,IPL 2017,1,1,1,12,12*,-,12,100.00,0,0,0,1,0,-,-,-,-,-,-,-,-,-,-,-,0,0
Delhi Daredevils,R Tewatia,IPL 2018,8,5,2,50,24,16.66,43,116.27,0,0,0,5,1,8,22.0,0,173,6,3/18,28.83,7.86,22.0,0,0,2,0
Delhi Daredevils,Avesh Khan,IPL 2018,6,-,-,-,-,-,-,-,-,-,-,-,-,6,19.0,0,204,4,2/29,51.00,10.73,28.5,0,0,3,0
Delhi Daredevils,V Shankar,IPL 2018,13,11,7,212,54*,53.00,148,143.24,0,1,0,11,11,4,5.0,0,58,1,1/22,58.00,11.60,30.0,0,0,6,0
Delhi Daredevils,JJ Roy,IPL 2018,5,5,1,120,91*,30.00,94,127.65,0,1,0,9,7,-,-,-,-,-,-,-,-,-,-,-,4,0
Delhi Daredevils,DT Christian,IPL 2018,4,3,1,26,13,13.00,33,78.78,0,0,0,0,1,4,11.5,0,101,4,2/35,25.25,8.53,17.7,0,0,0,0
Delhi Daredevils,Abhishek Sharma,IPL 2018,3,3,2,63,46*,63.00,33,190.90,0,0,0,3,5,-,-,-,-,-,-,-,-,-,-,-,1,0
Delhi Daredevils,PP Shaw,IPL 2018,9,9,0,245,65,27.22,160,153.12,0,2,0,27,10,-,-,-,-,-,-,-,-,-,-,-,4,0
Delhi Daredevils,LE Plunkett,IPL 2018,7,2,1,1,1*,1.00,3,33.33,0,0,1,0,0,7,25.0,0,225,4,3/17,56.25,9.00,37.5,0,0,2,0
Delhi Daredevils,CJ Dala,IPL 2018,1,-,-,-,-,-,-,-,-,-,-,-,-,1,3.0,0,34,0,-,-,11.33,-,0,0,0,0
Delhi Daredevils,S Lamichhane,IPL 2018,3,-,-,-,-,-,-,-,-,-,-,-,-,3,12.0,0,82,5,3/36,16.40,6.83,14.4,0,0,0,0
Kings XI Punjab,KK Nair,IPL 2018,13,12,0,301,54,25.08,221,136.19,0,2,0,23,13,-,-,-,-,-,-,-,-,-,-,-,9,0
Kings XI Punjab,KK Nair,IPL 2019,1,1,0,5,5,5.00,6,83.33,0,0,0,0,0,-,-,-,-,-,-,-,-,-,-,-,0,0
Kings XI Punjab,MA Agarwal,IPL 2018,11,11,1,120,30,12.00,94,127.65,0,0,1,9,5,-,-,-,-,-,-,-,-,-,-,-,2,0
Kings XI Punjab,MA Agarwal,IPL 2019,13,13,0,332,58,25.53,234,141.88,0,2,1,26,14,-,-,-,-,-,-,-,-,-,-,-,7,0
Kings XI Punjab,Mohammed Shami,IPL 2019,14,2,1,1,1*,1.00,2,50.00,0,0,1,0,0,14,54.0,0,469,19,3/21,24.68,8.68,17.0,0,0,5,0
Kings XI Punjab,MP Stoinis,IPL 2016,7,5,1,146,52,36.50,108,135.18,0,1,1,13,4,7,23.0,0,194,8,4/15,24.25,8.43,17.2,1,0,0,0
Kings XI Punjab,MP Stoinis,IPL 2017,5,3,0,17,9,5.66,24,70.83,0,0,0,1,0,5,10.3,0,110,2,1/28,55.00,10.47,31.5,0,0,3,0
Kings XI Punjab,MP Stoinis,IPL 2018,7,7,3,99,29*,24.75,76,130.26,0,0,0,6,4,6,11.0,0,120,3,1/15,40.00,10.90,22.0,0,0,2,0
Kings XI Punjab,M Vijay,IPL 2016,14,14,1,453,89,34.84,364,124.45,0,5,0,50,10,1,1.0,0,8,0,-,-,8.00,-,0,0,2,0
Kings XI Punjab,SE Marsh,IPL 2016,6,6,1,159,56*,31.80,134,118.65,0,1,0,13,4,-,-,-,-,-,-,-,-,-,-,-,1,0
Kings XI Punjab,SE Marsh,IPL 2017,9,8,0,264,84,33.00,194,136.08,0,2,0,36,5,-,-,-,-,-,-,-,-,-,-,-,2,0
Kings XI Punjab,HM Amla,IPL 2016,6,6,0,157,96,26.16,119,131.93,0,1,1,20,4,-,-,-,-,-,-,-,-,-,-,-,0,0
Kings XI Punjab,HM Amla,IPL 2017,10,10,3,420,104*,60.00,288,145.83,2,2,1,40,17,-,-,-,-,-,-,-,-,-,-,-,0,0
Kings XI Punjab,WP Saha,IPL 2016,12,12,1,270,56,24.54,212,127.35,0,2,0,29,1,-,-,-,-,-,-,-,-,-,-,-,7,3
Kings XI Punjab,WP Saha,IPL 2017,14,11,1,234,93*,23.40,187,125.13,0,1,1,20,8,-,-,-,-,-,-,-,-,-,-,-,10,2
Kings XI Punjab,M Vohra,IPL 2016,7,7,0,161,51,23.00,131,122.90,0,1,1,19,3,-,-,-,-,-,-,-,-,-,-,-,3,0
Kings XI Punjab,M Vohra,IPL 2017,11,9,0,229,95,25.44,159,144.02,0,1,0,23,9,-,-,-,-,-,-,-,-,-,-,-,2,0
Kings XI Punjab,Gurkeerat Singh,IPL 2016,7,6,1,113,51,22.60,86,131.39,0,1,1,11,3,3,4.0,0,31,2,2/15,15.50,7.75,12.0,0,0,5,0
Kings XI Punjab,Gurkeerat Singh,IPL 2017,2,-,-,-,-,-,-,-,-,-,-,-,-,-,-,-,-,-,-,-,-,-,-,-,1,0
Kings XI Punjab,GJ Maxwell,IPL 2016,11,11,2,179,68,19.88,124,144.35,0,2,3,14,8,7,9.0,0,80,0,-,-,8.88,-,0,0,3,0
Kings XI Punjab,GJ Maxwell,IPL 2017,14,13,3,310,47,31.00,179,173.18,0,0,3,19,26,8,19.0,0,125,7,2/15,17.85,6.57,16.2,0,0,7,0
Kings XI Punjab,P Sahu,IPL 2016,5,2,1,19,18*,19.00,13,146.15,0,0,0,1,1,5,17.3,0,146,3,2/18,48.66,8.34,35.0,0,0,0,0
Kings XI Punjab,DA Miller,IPL 2016,14,13,3,161,31,16.10,131,122.90,0,0,1,11,4,-,-,-,-,-,-,-,-,-,-,-,10,0
Kings XI Punjab,DA Miller,IPL 2017,5,4,1,83,30*,27.66,80,103.75,0,0,0,4,4,-,-,-,-,-,-,-,-,-,-,-,2,0
Kings XI Punjab,DA Miller,IPL 2018,3,3,1,74,26,37.00,64,115.62,0,0,0,3,2,-,-,-,-,-,-,-,-,-,-,-,0,0
Kings XI Punjab,DA Miller,IPL 2019,10,10,2,213,59*,26.62,164,129.87,0,1,0,19,7,-,-,-,-,-,-,-,-,-,-,-,7,0
Kings XI Punjab,AR Patel,IPL 2016,14,10,3,111,36*,15.85,77,144.15,0,0,2,4,8,14,47.5,0,388,13,4/21,29.84,8.11,22.0,1,0,2,0
Kings XI Punjab,AR Patel,IPL 2017,14,13,5,227,44,28.37,162,140.12,0,0,1,11,11,14,48.0,0,362,15,3/11,24.13,7.54,19.2,0,0,7,0
Kings XI Punjab,AR Patel,IPL 2018,9,8,2,80,19,13.33,69,115.94,0,0,0,3,4,8,26.0,0,218,3,1/21,72.66,8.38,52.0,0,0,2,0
Kings XI Punjab,KJ Abbott,IPL 2016,5,3,2,13,12*,13.00,8,162.50,0,0,1,0,1,5,16.0,0,177,2,1/38,88.50,11.06,48.0,0,0,0,0
Kings XI Punjab,KC Cariappa,IPL 2016,5,2,1,13,12*,13.00,11,118.18,0,0,0,0,1,5,17.0,0,159,3,2/16,53.00,9.35,34.0,0,0,2,0
Kings XI Punjab,KC Cariappa,IPL 2017,4,2,0,2,1,1.00,7,28.57,0,0,0,0,0,4,15.0,0,127,4,2/24,31.75,8.46,22.5,0,0,1,0
Kings XI Punjab,NS Naik,IPL 2016,2,2,0,23,22,11.50,31,74.19,0,0,0,1,0,-,-,-,-,-,-,-,-,-,-,-,2,0
Kings XI Punjab,MM Sharma,IPL 2016,14,6,2,32,15,8.00,26,123.07,0,0,0,3,1,14,48.3,0,407,13,3/23,31.30,8.39,22.3,0,0,3,0
Kings XI Punjab,MM Sharma,IPL 2017,14,7,1,51,13,8.50,50,102.00,0,0,0,3,1,14,45.4,0,410,13,2/24,31.53,8.97,21.0,0,0,3,0
Kings XI Punjab,MM Sharma,IPL 2018,9,4,3,10,4*,10.00,13,76.92,0,0,0,1,0,9,29.4,0,322,7,2/33,46.00,10.85,25.4,0,0,2,0
Kings XI Punjab,F Behardien,IPL 2016,3,3,1,14,9*,7.00,13,107.69,0,0,1,2,0,-,-,-,-,-,-,-,-,-,-,-,1,0
Kings XI Punjab,MG Johnson,IPL 2016,3,3,1,5,4,2.50,14,35.71,0,0,0,0,0,3,11.0,0,106,2,1/35,53.00,9.63,33.0,0,0,1,0
Kings XI Punjab,Swapnil Singh,IPL 2016,1,1,0,0,0,0.00,1,0.00,0,0,1,0,0,1,3.0,0,29,0,-,-,9.66,-,0,0,0,0
Kings XI Punjab,Swapnil Singh,IPL 2017,4,2,0,12,10,6.00,19,63.15,0,0,0,0,0,4,7.0,0,61,1,1/14,61.00,8.71,42.0,0,0,1,0
Kings XI Punjab,R Dhawan,IPL 2016,2,2,2,14,11*,-,6,233.33,0,0,0,0,1,2,7.0,0,56,2,1/21,28.00,8.00,21.0,0,0,0,0
Kings XI Punjab,Sandeep Sharma,IPL 2016,14,4,4,8,5*,-,9,88.88,0,0,0,0,0,14,50.0,1,366,15,2/11,24.40,7.32,20.0,0,0,2,0
Kings XI Punjab,Sandeep Sharma,IPL 2017,13,4,4,7,5*,-,6,116.66,0,0,0,0,0,13,48.0,0,398,17,4/20,23.41,8.29,16.9,1,0,3,0
Kings XI Punjab,Anureet Singh,IPL 2016,2,-,-,-,-,-,-,-,-,-,-,-,-,2,6.0,0,43,0,-,-,7.16,-,0,0,0,0
Kings XI Punjab,Anureet Singh,IPL 2017,1,1,0,15,15,15.00,12,125.00,0,0,0,2,0,1,2.0,0,26,0,-,-,13.00,-,0,0,0,0
Kings XI Punjab,AS Rajpoot,IPL 2018,8,3,0,11,8,3.66,18,61.11,0,0,0,1,0,8,26.1,1,223,11,5/14,20.27,8.52,14.2,0,1,2,0
Kings XI Punjab,AS Rajpoot,IPL 2019,4,-,-,-,-,-,-,-,-,-,-,-,-,4,16.0,0,152,3,2/33,50.66,9.50,32.0,0,0,1,0
Kings XI Punjab,MJ Guptill,IPL 2017,7,7,1,132,50*,22.00,88,150.00,0,1,1,17,5,-,-,-,-,-,-,-,-,-,-,-,6,0
Kings XI Punjab,KL Rahul,IPL 2018,14,14,2,659,95*,54.91,416,158.41,0,6,0,66,32,-,-,-,-,-,-,-,-,-,-,-,10,1
Kings XI Punjab,KL Rahul,IPL 2019,14,14,3,593,100*,53.90,438,135.38,1,6,0,49,25,-,-,-,-,-,-,-,-,-,-,-,7,0
Kings XI Punjab,SN Khan,IPL 2019,8,5,1,180,67,45.00,143,125.87,0,1,0,19,4,1,0.2,0,6,0,-,-,18.00,-,0,0,0,0
Kings XI Punjab,CH Gayle,IPL 2018,11,11,2,368,104*,40.88,252,146.03,1,3,1,30,27,-,-,-,-,-,-,-,-,-,-,-,2,0
Kings XI Punjab,CH Gayle,IPL 2019,13,13,1,490,99*,40.83,319,153.60,0,4,0,45,34,-,-,-,-,-,-,-,-,-,-,-,0,0
Kings XI Punjab,VR Aaron,IPL 2017,6,2,1,4,4,4.00,10,40.00,0,0,0,0,0,6,20.0,0,163,7,2/3,23.28,8.15,17.1,0,0,0,0
Kings XI Punjab,Mandeep Singh,IPL 2019,13,12,8,165,33*,41.25,120,137.50,0,0,1,10,4,2,2.0,0,26,0,-,-,13.00,-,0,0,4,0
Kings XI Punjab,Yuvraj Singh,IPL 2018,8,6,0,65,20,10.83,73,89.04,0,0,0,6,2,2,2.0,0,23,0,-,-,11.50,-,0,0,1,0
Kings XI Punjab,EJG Morgan,IPL 2017,4,4,0,65,26,16.25,62,104.83,0,0,0,6,2,-,-,-,-,-,-,-,-,-,-,-,3,0
Kings XI Punjab,BB Sran,IPL 2018,6,4,3,3,2,3.00,7,42.85,0,0,0,0,0,6,22.0,0,229,4,2/50,57.25,10.40,33.0,0,0,2,0
Kings XI Punjab,AJ Finch,IPL 2018,10,9,1,134,46,16.75,100,134.00,0,0,2,6,8,-,-,-,-,-,-,-,-,-,-,-,4,0
Kings XI Punjab,AD Nath,IPL 2018,1,1,0,9,9,9.00,13,69.23,0,0,0,1,0,-,-,-,-,-,-,-,-,-,-,-,1,0
Kings XI Punjab,R Ashwin,IPL 2018,14,9,1,102,45,12.75,71,143.66,0,0,3,7,5,14,50.4,0,410,10,2/18,41.00,8.09,30.4,0,0,5,0
Kings XI Punjab,R Ashwin,IPL 2019,14,6,1,42,17*,8.40,28,150.00,0,0,2,3,3,14,55.0,0,400,15,3/23,26.66,7.27,22.0,0,0,4,0
Kings XI Punjab,M Ashwin,IPL 2019,10,3,2,3,1*,3.00,5,60.00,0,0,0,0,0,10,34.0,0,255,5,2/25,51.00,7.50,40.8,0,0,3,0
Kings XI Punjab,I Sharma,IPL 2017,6,3,1,8,5*,4.00,12,66.66,0,0,0,1,0,6,18.0,0,179,0,-,-,9.94,-,0,0,0,0
Kings XI Punjab,R Tewatia,IPL 2017,3,2,1,19,15*,19.00,11,172.72,0,0,0,4,0,3,9.0,0,49,3,2/18,16.33,5.44,18.0,0,0,0,0
Kings XI Punjab,MJ Henry,IPL 2017,2,-,-,-,-,-,-,-,-,-,-,-,-,2,5.0,0,71,1,1/31,71.00,14.20,30.0,0,0,0,0
Kings XI Punjab,T Natarajan,IPL 2017,6,-,-,-,-,-,-,-,-,-,-,-,-,6,12.4,0,115,2,1/26,57.50,9.07,38.0,0,0,0,0
Kings XI Punjab,AJ Tye,IPL 2018,14,8,2,32,14,5.33,38,84.21,0,0,2,2,1,14,56.0,0,448,24,4/16,18.66,8.00,14.0,3,0,5,0
Kings XI Punjab,AJ Tye,IPL 2019,6,1,1,0,0*,-,2,0.00,0,0,0,0,0,6,22.0,0,233,3,1/37,77.66,10.59,44.0,0,0,2,0
Kings XI Punjab,MK Tiwary,IPL 2018,5,4,1,47,35,15.66,44,106.81,0,0,0,4,1,1,1.0,0,10,0,-,-,10.00,-,0,0,4,0
Kings XI Punjab,Mujeeb Ur Rahman,IPL 2018,11,2,1,10,10*,10.00,7,142.85,0,0,1,2,0,11,41.2,0,289,14,3/27,20.64,6.99,17.7,0,0,1,0
Kings XI Punjab,Mujeeb Ur Rahman,IPL 2019,5,3,2,0,0*,0.00,4,0.00,0,0,1,0,0,5,19.0,0,191,3,2/31,63.66,10.05,38.0,0,0,1,0
Kings XI Punjab,N Pooran,IPL 2019,7,6,0,168,48,28.00,107,157.00,0,0,0,9,14,-,-,-,-,-,-,-,-,-,-,-,1,0
Kings XI Punjab,SM Curran,IPL 2019,9,8,4,95,55*,23.75,55,172.72,0,1,1,13,3,9,33.0,0,323,10,4/11,32.30,9.78,19.8,1,0,2,0
Kings XI Punjab,P Simran Singh,IPL 2019,1,1,0,16,16,16.00,17,94.11,0,0,0,1,1,-,-,-,-,-,-,-,-,-,-,-,1,0
Kings XI Punjab,GC Viljoen,IPL 2019,6,3,1,3,2*,1.50,7,42.85,0,0,1,0,0,6,23.0,0,222,7,2/39,31.71,9.65,19.7,0,0,0,0
Kings XI Punjab,Harpreet Brar,IPL 2019,2,1,1,20,20*,-,12,166.66,0,0,0,2,1,2,5.0,0,48,0,-,-,9.60,-,0,0,0,0
Kings XI Punjab,Arshdeep Singh,IPL 2019,3,-,-,-,-,-,-,-,-,-,-,-,-,3,10.0,0,109,3,2/43,36.33,10.90,20.0,0,0,0,0
Kings XI Punjab,CV Varun,IPL 2019,1,-,-,-,-,-,-,-,-,-,-,-,-,1,3.0,0,35,1,1/35,35.00,11.66,18.0,0,0,0,0
Kolkata Knight Riders,CR Brathwaite,IPL 2019,2,2,0,11,6,5.50,10,110.00,0,0,0,1,0,2,3.0,0,29,0,-,-,9.66,-,0,0,0,0
Kolkata Knight Riders,NM Coulter-Nile,IPL 2017,8,3,0,14,6,4.66,12,116.66,0,0,0,0,2,8,28.2,0,228,15,3/20,15.20,8.04,11.3,0,0,2,0
Kolkata Knight Riders,KC Cariappa,IPL 2019,1,1,1,9,9*,-,3,300.00,0,0,0,0,1,1,2.0,0,34,0,-,-,17.00,-,0,0,0,0
Kolkata Knight Riders,NS Naik,IPL 2019,1,1,0,7,7,7.00,16,43.75,0,0,0,1,0,-,-,-,-,-,-,-,-,-,-,-,0,0
Kolkata Knight Riders,MG Johnson,IPL 2018,6,2,2,16,12*,-,11,145.45,0,0,0,2,0,6,21.0,0,216,2,1/30,108.00,10.28,63.0,0,0,2,0
Kolkata Knight Riders,YK Pathan,IPL 2016,15,13,8,361,63*,72.20,248,145.56,0,3,0,33,13,4,6.0,0,33,1,1/6,33.00,5.50,36.0,0,0,3,0
Kolkata Knight Riders,YK Pathan,IPL 2017,15,11,3,143,59,17.87,115,124.34,0,1,1,9,6,4,4.0,0,41,1,1/2,41.00,10.25,24.0,0,0,2,0
Kolkata Knight Riders,G Gambhir,IPL 2016,15,15,2,501,90*,38.53,411,121.89,0,5,1,54,6,-,-,-,-,-,-,-,-,-,-,-,1,0
Kolkata Knight Riders,G Gambhir,IPL 2017,16,16,4,498,76*,41.50,389,128.02,0,4,0,62,7,-,-,-,-,-,-,-,-,-,-,-,6,0
Kolkata Knight Riders,MK Pandey,IPL 2016,12,11,3,248,52,31.00,183,135.51,0,2,1,17,9,-,-,-,-,-,-,-,-,-,-,-,7,0
Kolkata Knight Riders,MK Pandey,IPL 2017,14,13,5,396,81*,49.50,308,128.57,0,2,0,28,12,-,-,-,-,-,-,-,-,-,-,-,8,0
Kolkata Knight Riders,AD Russell,IPL 2016,12,8,1,188,39*,26.85,114,164.91,0,0,0,10,15,12,36.3,0,291,15,4/20,19.40,7.97,14.6,1,0,2,0
Kolkata Knight Riders,AD Russell,IPL 2018,16,14,3,316,88*,28.72,171,184.79,0,1,1,17,31,15,37.5,0,355,13,3/31,27.30,9.38,17.4,0,0,8,0
Kolkata Knight Riders,AD Russell,IPL 2019,14,13,4,510,80*,56.66,249,204.81,0,4,1,31,52,12,30.1,0,287,11,2/21,26.09,9.51,16.4,0,0,4,0
Kolkata Knight Riders,RV Uthappa,IPL 2016,15,15,0,394,72,26.26,289,136.33,0,3,1,45,8,-,-,-,-,-,-,-,-,-,-,-,10,4
Kolkata Knight Riders,RV Uthappa,IPL 2017,14,13,0,388,87,29.84,235,165.10,0,5,1,36,21,-,-,-,-,-,-,-,-,-,-,-,9,6
Kolkata Knight Riders,RV Uthappa,IPL 2018,16,16,0,351,54,21.93,265,132.45,0,1,0,30,21,-,-,-,-,-,-,-,-,-,-,-,5,0
Kolkata Knight Riders,RV Uthappa,IPL 2019,12,11,2,282,67*,31.33,245,115.10,0,1,1,28,10,-,-,-,-,-,-,-,-,-,-,-,4,0
Kolkata Knight Riders,SA Yadav,IPL 2016,15,11,4,182,60,26.00,143,127.27,0,1,0,18,5,-,-,-,-,-,-,-,-,-,-,-,6,0
Kolkata Knight Riders,SA Yadav,IPL 2017,10,7,1,105,31,17.50,88,119.31,0,0,0,8,3,-,-,-,-,-,-,-,-,-,-,-,5,0
Kolkata Knight Riders,CA Lynn,IPL 2016,2,2,1,25,15,25.00,22,113.63,0,0,0,0,1,-,-,-,-,-,-,-,-,-,-,-,1,0
Kolkata Knight Riders,CA Lynn,IPL 2017,7,7,1,295,93*,49.16,163,180.98,0,3,0,25,19,-,-,-,-,-,-,-,-,-,-,-,2,0
Kolkata Knight Riders,CA Lynn,IPL 2018,16,16,1,491,74,32.73,377,130.23,0,3,1,56,18,-,-,-,-,-,-,-,-,-,-,-,3,0
Kolkata Knight Riders,CA Lynn,IPL 2019,13,13,0,405,82,31.15,290,139.65,0,4,2,41,22,-,-,-,-,-,-,-,-,-,-,-,1,0
Kolkata Knight Riders,Shakib Al Hasan,IPL 2016,10,7,2,114,66*,22.80,106,107.54,0,1,0,7,5,9,31.0,0,243,5,1/14,48.60,7.83,37.2,0,0,4,0
Kolkata Knight Riders,Shakib Al Hasan,IPL 2017,1,1,1,1,1*,-,1,100.00,0,0,0,0,0,1,3.0,0,31,0,-,-,10.33,-,0,0,0,0
Kolkata Knight Riders,C Munro,IPL 2016,4,3,0,30,16,10.00,30,100.00,0,0,0,3,0,2,2.0,0,15,0,-,-,7.50,-,0,0,2,0
Kolkata Knight Riders,PP Chawla,IPL 2016,12,3,0,27,11,9.00,26,103.84,0,0,0,4,0,11,35.2,0,273,11,2/21,24.81,7.72,19.2,0,0,3,0
Kolkata Knight Riders,PP Chawla,IPL 2017,6,1,0,2,2,2.00,6,33.33,0,0,0,0,0,6,20.0,0,179,6,2/34,29.83,8.95,20.0,0,0,1,0
Kolkata Knight Riders,PP Chawla,IPL 2018,15,7,3,27,12,6.75,34,79.41,0,0,1,1,1,15,49.0,0,412,14,3/48,29.42,8.40,21.0,0,0,4,0
Kolkata Knight Riders,PP Chawla,IPL 2019,13,5,2,42,14*,14,37,113.51,0,0,0,4,2,13,44.3,0,399,10,3/20,39.90,8.96,26.7,0,0,5,0
Kolkata Knight Riders,UT Yadav,IPL 2016,9,2,1,9,7*,9.00,5,180.00,0,0,0,0,1,9,26.0,0,234,10,3/28,23.40,9.00,15.6,0,0,1,0
Kolkata Knight Riders,UT Yadav,IPL 2017,14,4,4,10,4*,-,13,76.92,0,0,0,0,0,14,48.3,0,410,17,4/33,24.11,8.45,17.1,1,0,4,0
Kolkata Knight Riders,R Sathish,IPL 2016,4,3,0,24,10,8.00,24,100.00,0,0,0,1,1,3,6.0,0,59,1,1/20,59.00,9.83,36.0,0,0,0,0
Kolkata Knight Riders,SP Narine,IPL 2016,11,4,3,7,4,7.00,13,53.84,0,0,0,0,0,11,42.4,0,304,11,3/26,27.63,7.12,23.2,0,0,2,0
Kolkata Knight Riders,SP Narine,IPL 2017,16,14,1,224,54,17.23,130,172.30,0,1,2,34,10,15,59.0,0,412,10,2/29,41.20,6.98,35.4,0,0,4,0
Kolkata Knight Riders,SP Narine,IPL 2018,16,16,0,357,75,22.31,188,189.89,0,2,0,40,23,16,61.0,0,467,17,3/18,27.47,7.65,21.5,0,0,1,0
Kolkata Knight Riders,SP Narine,IPL 2019,12,9,1,143,47,17.87,86,166.27,0,0,0,17,9,12,44.2,1,347,10,2/19,34.70,7.82,26.6,0,0,0,0
Kolkata Knight Riders,JO Holder,IPL 2016,4,4,0,22,13,5.50,19,115.78,0,0,1,2,1,4,13.0,0,103,2,2/33,51.50,7.92,39.0,0,0,0,0
Kolkata Knight Riders,M Morkel,IPL 2016,10,2,2,1,1*,-,1,100.00,0,0,0,0,0,10,35.3,0,297,10,2/27,29.70,8.36,21.3,0,0,0,0
Kolkata Knight Riders,GB Hogg,IPL 2016,5,1,1,0,0*,-,0,-,0,0,0,0,0,5,16.0,1,142,4,3/19,35.50,8.87,24.0,0,0,3,0
Kolkata Knight Riders,JW Hastings,IPL 2016,2,-,-,-,-,-,-,-,-,-,-,-,-,2,6.4,1,37,2,2/6,18.50,5.55,20.0,0,0,0,0
Kolkata Knight Riders,Kuldeep Yadav,IPL 2016,3,-,-,-,-,-,-,-,-,-,-,-,-,3,12.0,0,100,6,3/35,16.66,8.33,12.0,0,0,1,0
Kolkata Knight Riders,Kuldeep Yadav,IPL 2017,12,2,0,20,16,10.00,22,90.90,0,0,0,2,0,11,41.0,0,340,12,2/25,28.33,8.29,20.5,0,0,1,0
Kolkata Knight Riders,Kuldeep Yadav,IPL 2018,16,3,2,12,7*,12.00,24,50.00,0,0,0,1,0,16,51.2,0,418,17,4/20,24.58,8.14,18.1,1,0,6,0
Kolkata Knight Riders,Kuldeep Yadav,IPL 2019,9,4,2,12,10*,6.00,8,150.00,0,0,2,1,0,9,33.0,0,286,4,2/41,71.50,8.66,49.5,0,0,3,0
Kolkata Knight Riders,AS Rajpoot,IPL 2016,4,-,-,-,-,-,-,-,-,-,-,-,-,4,11.0,0,98,3,1/14,32.66,8.90,22.0,0,0,0,0
Kolkata Knight Riders,AS Rajpoot,IPL 2017,5,1,0,4,4,4.00,7,57.14,0,0,0,1,0,5,14.0,0,107,4,3/37,26.75,7.64,21.0,0,0,1,0
Kolkata Knight Riders,JD Unadkat,IPL 2016,1,-,-,-,-,-,-,-,-,-,-,-,-,1,3.0,0,49,0,-,-,16.33,-,0,0,0,0
Kolkata Knight Riders,N Rana,IPL 2018,15,15,2,304,59,23.38,232,131.03,0,1,0,26,14,5,6.1,0,44,4,2/11,11.00,7.13,9.2,0,0,2,0
Kolkata Knight Riders,N Rana,IPL 2019,14,11,1,344,85*,34.40,235,146.38,0,3,1,27,21,6,8.0,0,72,3,1/8,24.00,9.00,16.0,0,0,3,0
Kolkata Knight Riders,R Vinay Kumar,IPL 2018,2,1,1,6,6*,-,3,200.00,0,0,0,1,0,2,3.5,0,65,2,2/30,32.50,16.95,11.5,0,0,2,0
Kolkata Knight Riders,TA Boult,IPL 2017,6,1,1,5,5*,-,8,62.50,0,0,0,0,0,6,23.5,0,216,5,2/30,43.20,9.06,28.6,0,0,0,0
Kolkata Knight Riders,KD Karthik,IPL 2018,16,16,6,498,52,49.80,337,147.77,0,2,0,49,16,-,-,-,-,-,-,-,-,-,-,-,14,4
Kolkata Knight Riders,KD Karthik,IPL 2019,14,13,5,253,97*,31.62,173,146.24,0,2,0,22,14,-,-,-,-,-,-,-,-,-,-,-,7,0
Kolkata Knight Riders,IR Jaggi,IPL 2017,2,2,1,33,28,33.00,39,84.61,0,0,0,3,0,-,-,-,-,-,-,-,-,-,-,-,0,0
Kolkata Knight Riders,SP Jackson,IPL 2017,4,3,1,38,16,19.00,31,122.58,0,0,0,5,0,-,-,-,-,-,-,-,-,-,-,-,2,0
Kolkata Knight Riders,C de Grandhomme,IPL 2017,12,9,1,126,36,15.75,92,136.95,0,0,3,10,6,9,16.0,0,135,4,3/4,33.75,8.43,24.0,0,0,2,0
Kolkata Knight Riders,CR Woakes,IPL 2017,13,7,3,46,18,11.50,47,97.87,0,0,0,4,1,13,44.0,0,386,17,3/6,22.70,8.77,15.5,0,0,6,0
Kolkata Knight Riders,DM Bravo,IPL 2017,1,1,1,6,6*,-,5,120.00,0,0,0,1,0,-,-,-,-,-,-,-,-,-,-,-,0,0
Kolkata Knight Riders,LH Ferguson,IPL 2019,5,-,-,-,-,-,-,-,-,-,-,-,-,5,17.0,0,183,2,1/38,91.50,10.76,51.0,0,0,0,0
Kolkata Knight Riders,Shubman Gill,IPL 2018,13,11,5,203,57*,33.83,139,146.04,0,1,0,22,5,-,-,-,-,-,-,-,-,-,-,-,3,0
Kolkata Knight Riders,Shubman Gill,IPL 2019,14,13,4,296,76,32.88,238,124.36,0,3,0,21,10,-,-,-,-,-,-,-,-,-,-,-,7,0
Kolkata Knight Riders,JPR Scantlebury-Searles,IPL 2018,4,2,1,8,6*,8.00,6,133.33,0,0,0,0,1,3,7.0,0,89,2,1/24,44.50,12.71,21.0,0,0,4,0
Kolkata Knight Riders,TK Curran,IPL 2018,5,4,1,23,18,7.66,28,82.14,0,0,0,3,0,5,10.1,0,118,6,2/19,19.66,11.60,10.1,0,0,1,0
Kolkata Knight Riders,RK Singh,IPL 2018,4,4,0,29,16,7.25,31,93.54,0,0,0,4,0,-,-,-,-,-,-,-,-,-,-,-,4,0
Kolkata Knight Riders,RK Singh,IPL 2019,5,3,1,37,30,18.50,34,108.82,0,0,0,1,2,-,-,-,-,-,-,-,-,-,-,-,1,0
Kolkata Knight Riders,Shivam Mavi,IPL 2018,9,4,1,13,7,4.33,15,86.66,0,0,1,1,0,9,28.0,0,270,5,1/14,54.00,9.64,33.6,0,0,3,0
Kolkata Knight Riders,M Prasidh Krishna,IPL 2018,7,2,2,1,1*,-,5,20.00,0,0,0,0,0,7,28.0,0,260,10,4/30,26.00,9.28,16.8,1,0,1,0
Kolkata Knight Riders,M Prasidh Krishna,IPL 2019,11,1,0,0,0,0.00,2,0.00,0,0,1,0,0,11,40.2,0,377,4,1/22,94.25,9.34,60.5,0,0,2,0
Kolkata Knight Riders,JL Denly,IPL 2019,1,1,0,0,0,0.00,1,0.00,0,0,1,0,0,-,-,-,-,-,-,-,-,-,-,-,0,0
Kolkata Knight Riders,HF Gurney,IPL 2019,8,1,1,1,1*,-,5,20.00,0,0,0,0,0,8,27.0,0,238,7,2/25,34.00,8.81,23.1,0,0,0,0
Kolkata Knight Riders,Y Prithvi Raj,IPL 2019,2,1,1,0,0*,-,1,0.00,0,0,0,0,0,2,5.0,0,57,1,1/29,57.00,11.40,30.0,0,0,0,0
Kolkata Knight Riders,S Sandeep Warrier,IPL 2019,3,-,-,-,-,-,-,-,-,-,-,-,-,3,12.0,0,85,2,2/31,42.50,7.08,36.0,0,0,1,0
Mumbai Indians,JP Duminy,IPL 2018,6,4,3,36,23,36,40,90.00,0,0,0,3,1,2,3.0,0,36,0,-,-,12.00,-,0,0,2,0
Mumbai Indians,Q de Kock,IPL 2019,16,16,1,529,81,35.26,398,132.91,0,4,1,45,25,-,-,-,-,-,-,-,-,-,-,-,17,2
Mumbai Indians,J Yadav,IPL 2019,2,-,-,-,-,-,-,-,-,-,-,-,-,2,7.0,0,50,1,1/25,50.00,7.14,42.0,0,0,2,0
Mumbai Indians,MG Johnson,IPL 2017,5,3,3,20,13*,-,17,117.64,0,0,0,1,1,5,20.0,1,141,7,3/26,20.14,7.05,17.1,0,0,1,0
Mumbai Indians,SA Yadav,IPL 2018,14,14,0,512,72,36.57,384,133.33,0,4,1,61,16,-,-,-,-,-,-,-,-,-,-,-,8,0
Mumbai Indians,SA Yadav,IPL 2019,16,15,2,424,71*,32.61,324,130.86,0,2,0,45,10,-,-,-,-,-,-,-,-,-,-,-,9,0
Mumbai Indians,RG Sharma,IPL 2016,14,14,3,489,85*,44.45,368,132.88,0,5,1,49,16,-,-,-,-,-,-,-,-,-,-,-,2,0
Mumbai Indians,RG Sharma,IPL 2017,17,16,2,333,67,23.78,273,121.97,0,3,1,31,9,-,-,-,-,-,-,-,-,-,-,-,10,0
Mumbai Indians,RG Sharma,IPL 2018,14,14,2,286,94,23.83,215,133.02,0,2,3,25,12,-,-,-,-,-,-,-,-,-,-,-,8,0
Mumbai Indians,RG Sharma,IPL 2019,15,15,1,405,67,28.92,315,128.57,0,2,0,52,10,-,-,-,-,-,-,-,-,-,-,-,4,0
Mumbai Indians,KH Pandya,IPL 2016,12,9,3,237,86,39.5,124,191.12,0,1,0,22,13,11,31.1,0,236,6,2/15,39.33,7.57,31.1,0,0,2,0
Mumbai Indians,KH Pandya,IPL 2017,13,11,4,243,47,34.71,179,135.75,0,0,0,24,7,13,40.0,0,273,10,3/14,27.30,6.82,24.0,0,0,2,0
Mumbai Indians,KH Pandya,IPL 2018,14,13,3,228,41*,22.80,157,145.22,0,0,0,22,10,13,40.1,0,284,12,3/28,23.66,7.07,20.0,0,0,9,0
Mumbai Indians,KH Pandya,IPL 2019,16,15,4,183,42,16.63,150,122.00,0,0,1,18,5,16,46.0,0,335,12,3/34,27.91,7.28,23.0,0,0,5,0
Mumbai Indians,N Rana,IPL 2016,4,3,0,104,70,34.66,75,138.66,0,1,0,7,8,1,1.0,0,3,0,-,-,3.00,-,0,0,0,0
Mumbai Indians,N Rana,IPL 2017,13,12,1,333,62*,30.27,264,126.13,0,3,0,24,17,-,-,-,-,-,-,-,-,-,-,-,4,0
Mumbai Indians,Harbhajan Singh,IPL 2016,14,7,4,92,45*,30.66,84,109.52,0,0,1,11,2,14,49.0,0,392,9,2/29,43.55,8.00,32.6,0,0,4,0
Mumbai Indians,Harbhajan Singh,IPL 2017,11,7,5,16,7*,8.00,16,100.00,0,0,1,0,1,11,41.0,0,266,8,3/22,33.25,6.48,30.7,0,0,2,0
Mumbai Indians,AT Rayudu,IPL 2016,13,12,1,334,65,30.36,278,120.14,0,2,1,28,12,-,-,-,-,-,-,-,-,-,-,-,4,0
Mumbai Indians,AT Rayudu,IPL 2017,5,5,0,91,63,18.20,78,116.66,0,1,1,7,3,-,-,-,-,-,-,-,-,-,-,-,3,0
Mumbai Indians,KA Pollard,IPL 2016,13,12,4,207,51*,25.87,144,143.75,0,1,0,11,16,4,6.0,0,81,0,-,-,13.50,-,0,0,5,0
Mumbai Indians,KA Pollard,IPL 2017,17,16,3,385,70,29.61,276,139.49,0,3,0,26,22,1,1.5,0,30,0,-,-,16.36,-,0,0,15,0
Mumbai Indians,KA Pollard,IPL 2018,9,8,1,133,50,19.00,100,133.00,0,1,1,10,7,-,-,-,-,-,-,-,-,-,-,-,4,0
Mumbai Indians,KA Pollard,IPL 2019,16,14,6,279,83,34.87,178,156.74,0,1,0,14,22,-,-,-,-,-,-,-,-,-,-,-,8,0
Mumbai Indians,JC Buttler,IPL 2016,14,14,3,255,41,23.18,184,138.58,0,0,1,23,11,-,-,-,-,-,-,-,-,-,-,-,7,0
Mumbai Indians,JC Buttler,IPL 2017,10,10,0,272,77,27.20,177,153.67,0,1,0,27,15,-,-,-,-,-,-,-,-,-,-,-,1,0
Mumbai Indians,MJ Guptill,IPL 2016,3,3,0,57,48,19.00,55,103.63,0,0,0,3,3,-,-,-,-,-,-,-,-,-,-,-,0,0
Mumbai Indians,PA Patel,IPL 2016,10,10,0,177,81,17.7,152,116.44,0,1,1,23,4,-,-,-,-,-,-,-,-,-,-,-,9,1
Mumbai Indians,PA Patel,IPL 2017,16,16,0,395,70,24.68,293,134.81,0,2,2,49,8,-,-,-,-,-,-,-,-,-,-,-,6,2
Mumbai Indians,R Vinay Kumar,IPL 2016,3,2,1,13,12,13.00,12,108.33,0,0,0,0,1,3,9.0,1,64,3,2/17,21.33,7.11,18.0,0,0,0,0
Mumbai Indians,R Vinay Kumar,IPL 2017,1,-,-,-,-,-,-,-,-,-,-,-,-,1,3.0,0,31,2,2/31,15.50,10.33,9.0,0,0,0,0
Mumbai Indians,MJ McClenaghan,IPL 2016,14,5,2,34,20,11.33,23,147.82,0,0,0,2,3,14,53.2,0,436,17,4/21,25.64,8.17,18.8,1,0,0,0
Mumbai Indians,MJ McClenaghan,IPL 2017,14,7,3,16,12,4.00,15,106.66,0,0,2,0,1,14,54.0,0,507,19,3/24,26.68,9.38,17.0,0,0,1,0
Mumbai Indians,MJ McClenaghan,IPL 2018,11,5,3,11,11*,5.50,10,110.00,0,0,2,1,1,11,40.0,0,332,14,2/22,23.71,8.30,17.1,0,0,0,0
Mumbai Indians,MJ McClenaghan,IPL 2019,5,4,1,11,10,3.66,16,68.75,0,0,1,2,0,5,18.0,1,142,3,3/40,47.33,7.88,36.0,0,0,0,0
Mumbai Indians,TG Southee,IPL 2016,11,4,1,30,25,10.00,19,157.89,0,0,0,1,2,11,43.0,0,329,9,3/24,36.55,7.65,28.6,0,0,4,0
Mumbai Indians,TG Southee,IPL 2017,3,1,0,7,7,7.00,3,233.33,0,0,0,0,1,3,10.0,1,96,3,2/39,32.00,9.60,20.0,0,0,1,0
Mumbai Indians,JJ Bumrah,IPL 2016,14,2,1,8,6,8.00,11,72.72,0,0,0,1,0,14,52.0,0,406,15,3/13,27.06,7.80,20.8,0,0,1,0
Mumbai Indians,JJ Bumrah,IPL 2017,16,2,1,16,16*,16.00,12,133.33,0,0,1,0,1,16,59.2,2,440,20,3/7,22.00,7.41,17.8,0,0,2,0
Mumbai Indians,JJ Bumrah,IPL 2018,14,3,2,10,6*,10.00,11,90.90,0,0,1,1,0,14,54.0,0,372,17,3/15,21.88,6.88,19.0,0,0,4,0
Mumbai Indians,JJ Bumrah,IPL 2019,16,2,2,0,0*,-,1,0.00,0,0,0,0,0,16,61.4,1,409,19,3/20,21.52,6.63,19.4,0,0,2,0
Mumbai Indians,LMP Simmons,IPL 2016,1,1,0,8,8,8.00,8,100.00,0,0,0,0,1,-,-,-,-,-,-,-,-,-,-,-,0,0
Mumbai Indians,LMP Simmons,IPL 2017,7,7,0,137,66,19.57,112,122.32,0,2,1,10,8,-,-,-,-,-,-,-,-,-,-,-,2,0
Mumbai Indians,HH Pandya,IPL 2016,11,9,2,44,9,6.28,63,69.84,0,0,0,4,0,10,16.4,0,153,3,1/7,51.00,9.18,33.3,0,0,6,0
Mumbai Indians,HH Pandya,IPL 2017,17,16,9,250,35*,35.71,160,156.25,0,0,0,11,20,13,26.0,0,213,6,2/22,35.50,8.19,26.0,0,0,12,0
Mumbai Indians,HH Pandya,IPL 2018,13,13,4,260,50,28.88,195,133.33,0,1,0,20,11,13,42.4,0,381,18,3/24,21.16,8.92,14.2,0,0,8,0
Mumbai Indians,HH Pandya,IPL 2019,16,15,6,402,91,44.66,210,191.42,0,1,1,28,29,16,42.3,0,390,14,3/20,27.85,9.17,18.2,0,0,11,0
Mumbai Indians,S Gopal,IPL 2016,1,1,0,2,2,2.00,16,12.50,0,0,0,0,0,1,3.0,0,18,0,-,-,6.00,-,0,0,0,0
Mumbai Indians,UBT Chand,IPL 2016,1,1,0,0,0,0.00,4,0.00,0,0,1,0,0,-,-,-,-,-,-,-,-,-,-,-,0,0
Mumbai Indians,J Suchith,IPL 2016,1,-,-,-,-,-,-,-,-,-,-,-,-,1,2.0,0,31,0,-,-,15.50,-,0,0,0,0
Mumbai Indians,BCJ Cutting,IPL 2018,9,6,2,96,37,24,58,165.51,0,0,0,5,8,7,17.0,0,168,2,1/12,84.00,9.88,51.0,0,0,7,0
Mumbai Indians,BCJ Cutting,IPL 2019,3,3,1,18,13*,9.00,17,105.88,0,0,0,1,1,1,2.0,0,27,1,1/27,27.00,13.50,12.0,0,0,0,0
Mumbai Indians,Yuvraj Singh,IPL 2019,4,4,0,98,53,24.50,75,130.66,0,1,0,7,6,-,-,-,-,-,-,-,-,-,-,-,0,0
Mumbai Indians,KV Sharma,IPL 2017,9,6,0,49,19,8.16,41,119.51,0,0,0,5,2,9,30.4,0,214,13,4/16,16.46,6.97,14.1,1,0,3,0
Mumbai Indians,BB Sran,IPL 2019,2,1,1,3,3*,-,3,100.00,0,0,0,0,0,2,4.0,0,51,0,-,-,12.75,-,0,0,0,0
Mumbai Indians,Mustafizur Rahman,IPL 2018,7,2,1,1,1,1.00,3,33.33,0,0,0,0,0,7,27.3,0,230,7,3/24,32.85,8.36,23.5,0,0,2,0
Mumbai Indians,Ishan Kishan,IPL 2018,14,12,0,275,62,22.91,184,149.45,0,2,3,22,17,-,-,-,-,-,-,-,-,-,-,-,9,2
Mumbai Indians,Ishan Kishan,IPL 2019,7,6,0,101,28,16.83,100,101.00,0,0,0,8,4,-,-,-,-,-,-,-,-,-,-,-,2,0
Mumbai Indians,PJ Sangwan,IPL 2018,1,1,0,0,0,0.00,4,0.00,0,0,1,0,0,1,2.0,0,19,0,-,-,9.50,-,0,0,0,0
Mumbai Indians,SS Tiwary,IPL 2017,1,1,0,52,52,52.00,43,120.93,0,1,0,9,0,-,-,-,-,-,-,-,-,-,-,-,0,0
Mumbai Indians,SL Malinga,IPL 2017,12,2,2,7,7*,-,3,233.33,0,0,0,0,1,12,44.5,0,382,11,2/5,34.72,8.52,24.4,0,0,1,0
Mumbai Indians,SL Malinga,IPL 2019,12,-,-,-,-,-,-,-,-,-,-,-,-,12,44.5,0,438,16,4/31,27.37,9.76,16.8,2,0,1,0
Mumbai Indians,RD Chahar,IPL 2019,13,4,2,12,10,6.00,11,109.09,0,0,1,2,0,13,47.0,0,308,13,3/19,23.69,6.55,21.6,0,0,3,0
Mumbai Indians,E Lewis,IPL 2018,13,13,0,382,65,29.38,276,138.40,0,2,2,32,24,-,-,-,-,-,-,-,-,-,-,-,3,0
Mumbai Indians,E Lewis,IPL 2019,3,3,0,48,32,16.00,52,92.30,0,0,0,4,2,-,-,-,-,-,-,-,-,-,-,-,3,0
Mumbai Indians,M Markande,IPL 2018,14,6,4,21,7*,10.5,24,87.50,0,0,0,2,0,14,44.0,0,368,15,4/23,24.53,8.36,17.6,1,0,3,0
Mumbai Indians,M Markande,IPL 2019,3,2,1,6,6,6.00,5,120.00,0,0,0,1,0,3,6.0,0,59,1,1/23,59.00,9.83,36.0,0,0,0,0
Mumbai Indians,A Dananjaya,IPL 2018,1,1,1,4,4*,-,5,80.00,0,0,0,0,0,1,4.0,0,47,0,-,-,11.75,-,0,0,0,0
Mumbai Indians,SD Lad,IPL 2019,1,1,0,15,15,15.00,13,115.38,0,0,0,1,1,-,-,-,-,-,-,-,-,-,-,-,0,0
Mumbai Indians,AS Joseph,IPL 2019,3,2,2,15,15*,-,13,115.38,0,0,0,2,0,3,8.4,1,87,6,6/12,14.50,10.03,8.6,0,1,1,0
Mumbai Indians,Rasikh Salam,IPL 2019,1,1,1,5,5*,-,4,125.00,0,0,0,0,0,1,4.0,0,42,0,-,-,10.50,-,0,0,1,0
Mumbai Indians,JP Behrendorff,IPL 2019,5,-,-,-,-,-,-,-,-,-,-,-,-,5,19.0,0,165,5,2/22,33.00,8.68,22.8,0,0,0,0
Mumbai Indians,AS Roy,IPL 2019,1,-,-,-,-,-,-,-,-,-,-,-,-,1,2.0,0,11,1,1/11,11.00,5.50,12.0,0,0,0,0
Royal Challengers Bangalore,Q de Kock,IPL 2018,8,8,0,201,53,25.12,162,124.07,0,1,0,20,8,-,-,-,-,-,-,-,-,-,-,-,7,3
Royal Challengers Bangalore,P Negi,IPL 2017,12,10,2,144,35,18.00,111,129.72,0,0,0,10,7,12,32.1,0,197,16,3/10,12.31,6.12,12.0,0,0,3,0
Royal Challengers Bangalore,P Negi,IPL 2018,2,2,0,3,3,1.50,5,60.00,0,0,1,0,0,2,4.0,0,49,1,1/36,49.00,12.25,24.0,0,0,0,0
Royal Challengers Bangalore,P Negi,IPL 2019,7,4,0,9,5,2.25,12,75.00,0,0,2,1,0,4,11.1,0,102,3,2/21,34.00,9.13,22.3,0,0,3,0
Royal Challengers Bangalore,MP Stoinis,IPL 2019,10,10,6,211,46*,52.75,156,135.25,0,0,2,14,10,6,16.4,0,145,2,1/13,72.50,8.70,50.0,0,0,2,0
Royal Challengers Bangalore,M Vohra,IPL 2018,4,4,0,55,45,13.75,47,117.02,0,0,1,2,4,-,-,-,-,-,-,-,-,-,-,-,0,0
Royal Challengers Bangalore,Gurkeerat Singh,IPL 2019,3,3,0,98,65,32.66,70,140.00,0,1,0,11,2,-,-,-,-,-,-,-,-,-,-,-,1,0
Royal Challengers Bangalore,UT Yadav,IPL 2018,14,5,1,3,1*,0.75,11,27.27,0,0,2,0,0,14,53.1,1,418,20,3/23,20.90,7.86,15.9,0,0,2,0
Royal Challengers Bangalore,UT Yadav,IPL 2019,11,7,5,25,14,12.50,25,100.00,0,0,0,3,1,11,37.5,0,371,8,3/36,46.37,9.80,28.3,0,0,4,0
Royal Challengers Bangalore,PA Patel,IPL 2018,6,6,1,153,53,30.60,109,140.36,0,1,0,20,4,-,-,-,-,-,-,-,-,-,-,-,3,0
Royal Challengers Bangalore,PA Patel,IPL 2019,14,14,0,373,67,26.64,268,139.17,0,2,1,48,10,-,-,-,-,-,-,-,-,-,-,-,6,2
Royal Challengers Bangalore,TG Southee,IPL 2018,8,4,2,52,36*,26.00,46,113.04,0,0,0,5,1,8,29.0,0,261,5,3/30,52.20,9.00,34.8,0,0,3,0
Royal Challengers Bangalore,TG Southee,IPL 2019,3,1,1,9,9*,-,9,100.00,0,0,0,0,0,3,9.0,0,118,1,1/24,118.00,13.11,54.0,0,0,3,0
Royal Challengers Bangalore,V Kohli,IPL 2016,16,16,4,973,113,81.08,640,152.03,4,7,1,83,38,1,1.0,0,13,0,-,-,13.00,-,0,0,6,0
Royal Challengers Bangalore,V Kohli,IPL 2017,10,10,0,308,64,30.80,252,122.22,0,4,1,23,11,-,-,-,-,-,-,-,-,-,-,-,5,0
Royal Challengers Bangalore,V Kohli,IPL 2018,14,14,3,530,92*,48.18,381,139.10,0,4,0,52,18,-,-,-,-,-,-,-,-,-,-,-,8,0
Royal Challengers Bangalore,V Kohli,IPL 2019,14,14,0,464,100,33.14,328,141.46,1,2,0,46,13,-,-,-,-,-,-,-,-,-,-,-,5,0
Royal Challengers Bangalore,AB de Villiers,IPL 2016,16,16,3,687,129*,52.84,407,168.79,1,6,1,57,37,-,-,-,-,-,-,-,-,-,-,-,19,0
Royal Challengers Bangalore,AB de Villiers,IPL 2017,9,9,1,216,89*,27.00,163,132.51,0,1,0,12,16,-,-,-,-,-,-,-,-,-,-,-,6,0
Royal Challengers Bangalore,AB de Villiers,IPL 2018,12,11,2,480,90*,53.33,275,174.54,0,6,0,39,30,-,-,-,-,-,-,-,-,-,-,-,6,0
Royal Challengers Bangalore,AB de Villiers,IPL 2019,13,13,3,442,82*,44.20,287,154.00,0,5,0,31,26,-,-,-,-,-,-,-,-,-,-,-,6,0
Royal Challengers Bangalore,KL Rahul,IPL 2016,14,12,3,397,68*,44.11,271,146.49,0,4,1,37,16,-,-,-,-,-,-,-,-,-,-,-,5,4
Royal Challengers Bangalore,SN Khan,IPL 2016,5,4,2,66,35*,33.00,31,212.90,0,0,0,7,4,-,-,-,-,-,-,-,-,-,-,-,0,0
Royal Challengers Bangalore,SN Khan,IPL 2018,7,6,1,51,22*,10.20,41,124.39,0,0,1,7,1,-,-,-,-,-,-,-,-,-,-,-,2,0
Royal Challengers Bangalore,Sachin Baby,IPL 2016,11,6,2,119,33,29.75,79,150.63,0,0,1,9,5,2,1.4,0,8,2,2/4,4.00,4.80,5.0,0,0,1,0
Royal Challengers Bangalore,Sachin Baby,IPL 2017,3,3,0,15,12,5.00,15,100.00,0,0,0,2,0,-,-,-,-,-,-,-,-,-,-,-,2,0
Royal Challengers Bangalore,TM Head,IPL 2016,3,3,1,54,37,27.00,40,135.00,0,0,0,3,2,-,-,-,-,-,-,-,-,-,-,-,0,0
Royal Challengers Bangalore,TM Head,IPL 2017,7,7,2,151,75*,30.20,108,139.81,0,1,1,9,6,5,8.0,0,81,2,2/30,40.50,10.12,24.0,0,0,3,0
Royal Challengers Bangalore,CH Gayle,IPL 2016,10,10,0,227,76,22.70,150,151.33,0,2,1,17,21,4,10.0,0,63,2,2/11,31.50,6.30,30.0,0,0,4,0
Royal Challengers Bangalore,CH Gayle,IPL 2017,9,9,0,200,77,22.22,163,122.69,0,1,2,15,14,-,-,-,-,-,-,-,-,-,-,-,2,0
Royal Challengers Bangalore,STR Binny,IPL 2016,14,6,2,63,21,15.75,39,161.53,0,0,0,5,4,11,17.0,0,134,1,1/17,134.00,7.88,102.0,0,0,3,0
Royal Challengers Bangalore,STR Binny,IPL 2017,8,7,2,78,18*,15.60,76,102.63,0,0,0,6,3,4,6.0,0,50,4,1/9,12.50,8.33,9.0,0,0,1,0
Royal Challengers Bangalore,SR Watson,IPL 2016,16,15,2,179,36,13.76,134,133.58,0,0,1,14,12,16,56.3,0,485,20,4/29,24.25,8.58,16.9,1,0,6,0
Royal Challengers Bangalore,SR Watson,IPL 2017,8,7,1,71,24,11.83,78,91.02,0,0,0,6,1,8,26.5,0,245,5,1/16,49.00,9.13,32.2,0,0,2,0
Royal Challengers Bangalore,Parvez Rasool,IPL 2016,4,1,0,10,10,10.00,9,111.11,0,0,0,1,0,4,14.0,0,129,1,1/31,129.00,9.21,84.0,0,0,2,0
Royal Challengers Bangalore,CJ Jordan,IPL 2016,9,1,0,3,3,3.00,4,75.00,0,0,0,0,0,9,28.0,0,258,11,4/11,23.45,9.21,15.2,1,0,4,0
Royal Challengers Bangalore,KM Jadhav,IPL 2016,4,3,3,42,25*,-,32,131.25,0,0,0,2,2,-,-,-,-,-,-,-,-,-,-,-,1,0
Royal Challengers Bangalore,KM Jadhav,IPL 2017,13,13,1,267,69,22.25,186,143.54,0,1,0,25,10,-,-,-,-,-,-,-,-,-,-,-,7,3
Royal Challengers Bangalore,Iqbal Abdulla,IPL 2016,8,2,2,37,33*,-,27,137.03,0,0,0,4,1,8,25.0,0,213,6,3/40,35.50,8.52,25.0,0,0,4,0
Royal Challengers Bangalore,Iqbal Abdulla,IPL 2017,2,1,1,5,5*,-,7,71.42,0,0,0,0,0,2,5.0,0,55,2,2/36,27.50,11.00,15.0,0,0,0,0
Royal Challengers Bangalore,D Wiese,IPL 2016,1,1,1,5,5*,-,4,125.00,0,0,0,0,0,1,4.0,0,49,0,-,-,12.25,-,0,0,1,0
Royal Challengers Bangalore,KW Richardson,IPL 2016,4,1,1,1,1*,-,1,100.00,0,0,0,0,0,4,14.0,0,136,7,3/13,19.42,9.71,12.0,0,0,2,0
Royal Challengers Bangalore,VR Aaron,IPL 2016,8,1,1,0,0*,-,0,-,0,0,0,0,0,8,23.4,0,227,2,2/37,113.50,9.59,71.0,0,0,0,0
Royal Challengers Bangalore,HV Patel,IPL 2016,5,1,1,0,0*,-,0,-,0,0,0,0,0,5,14.0,0,147,1,1/46,147.00,10.50,84.0,0,0,2,0
Royal Challengers Bangalore,HV Patel,IPL 2017,1,-,-,-,-,-,-,-,-,-,-,-,-,1,4.0,0,43,3,3/43,14.33,10.75,8.0,0,0,0,0
Royal Challengers Bangalore,S Aravind,IPL 2016,9,-,-,-,-,-,-,-,-,-,-,-,-,9,29.1,0,216,11,2/18,19.63,7.40,15.9,0,0,3,0
Royal Challengers Bangalore,S Aravind,IPL 2017,10,8,4,32,9,8.00,40,80.00,0,0,2,2,0,10,30.3,0,275,5,2/29,55.00,9.01,36.6,0,0,1,0
Royal Challengers Bangalore,YS Chahal,IPL 2016,13,-,-,-,-,-,-,-,-,-,-,-,-,13,49.1,0,401,21,4/25,19.09,8.15,14.0,1,0,4,0
Royal Challengers Bangalore,YS Chahal,IPL 2017,13,6,3,13,4*,4.33,26,50.00,0,0,1,0,0,13,43.3,0,333,14,3/16,23.78,7.65,18.6,0,0,3,0
Royal Challengers Bangalore,YS Chahal,IPL 2018,14,1,1,0,0*,-,4,0.00,0,0,0,0,0,14,50.0,1,363,12,2/22,30.25,7.26,25.0,0,0,2,0
Royal Challengers Bangalore,YS Chahal,IPL 2019,14,3,1,6,4,3.00,16,37.50,0,0,0,0,0,14,49.2,1,386,18,4/38,21.44,7.82,16.4,1,0,3,0
Royal Challengers Bangalore,Mandeep Singh,IPL 2016,1,-,-,-,-,-,-,-,-,-,-,-,-,-,-,-,-,-,-,-,-,-,-,-,1,0
Royal Challengers Bangalore,Mandeep Singh,IPL 2017,11,10,0,188,52,18.80,177,106.21,0,1,2,21,4,-,-,-,-,-,-,-,-,-,-,-,6,0
Royal Challengers Bangalore,Mandeep Singh,IPL 2018,14,13,3,252,47*,25.20,186,135.48,0,0,0,16,11,-,-,-,-,-,-,-,-,-,-,-,4,0
Royal Challengers Bangalore,AF Milne,IPL 2016,1,-,-,-,-,-,-,-,-,-,-,-,-,1,4.0,0,43,1,1/43,43.00,10.75,24.0,0,0,1,0
Royal Challengers Bangalore,AF Milne,IPL 2017,4,3,1,7,5,3.50,12,58.33,0,0,0,0,0,4,14.0,0,134,3,2/27,44.66,9.57,28.0,0,0,4,0
Royal Challengers Bangalore,T Shamsi,IPL 2016,4,-,-,-,-,-,-,-,-,-,-,-,-,4,16.0,0,147,3,1/21,49.00,9.18,32.0,0,0,1,0
Royal Challengers Bangalore,BB McCullum,IPL 2018,6,6,0,127,43,21.16,88,144.31,0,0,1,16,6,-,-,-,-,-,-,-,-,-,-,-,1,0
Royal Challengers Bangalore,AD Nath,IPL 2019,8,5,0,61,24,12.20,57,107.01,0,0,0,5,2,-,-,-,-,-,-,-,-,-,-,-,1,0
Royal Challengers Bangalore,DW Steyn,IPL 2019,2,1,1,0,0*,-,0,-,0,0,0,0,0,2,8.0,0,69,4,2/29,17.25,8.62,12.0,0,0,0,0
Royal Challengers Bangalore,M Ashwin,IPL 2018,2,1,0,1,1,1.00,2,50.00,0,0,0,0,0,2,7.0,0,53,3,2/36,17.66,7.57,14.0,0,0,0,0
Royal Challengers Bangalore,CJ Anderson,IPL 2018,3,3,0,17,15,5.66,22,77.27,0,0,1,0,1,3,8.4,0,115,3,2/47,38.33,13.26,17.3,0,0,0,0
Royal Challengers Bangalore,C de Grandhomme,IPL 2018,9,8,3,131,40,26.20,84,155.95,0,0,0,4,10,7,15.0,0,129,2,1/8,64.50,8.60,45.0,0,0,3,0
Royal Challengers Bangalore,C de Grandhomme,IPL 2019,4,4,1,46,37,15.33,49,93.87,0,0,0,4,2,3,5.0,0,55,0,-,-,11.00,-,0,0,1,0
Royal Challengers Bangalore,CR Woakes,IPL 2018,5,4,2,17,11,8.50,19,89.47,0,0,0,1,1,5,18.2,0,190,8,3/36,23.75,10.36,13.7,0,0,1,0
Royal Challengers Bangalore,A Choudhary,IPL 2017,5,3,2,25,15*,25.00,20,125.00,0,0,0,1,1,5,16.5,2,144,5,2/17,28.80,8.55,20.2,0,0,0,0
Royal Challengers Bangalore,Vishnu Vinod,IPL 2017,3,3,0,19,9,6.33,26,73.07,0,0,0,1,1,-,-,-,-,-,-,-,-,-,-,-,0,2
Royal Challengers Bangalore,TS Mills,IPL 2017,5,3,0,8,6,2.66,11,72.72,0,0,1,0,1,5,17.5,0,153,5,2/31,30.60,8.57,21.4,0,0,1,0
Royal Challengers Bangalore,S Badree,IPL 2017,7,5,0,13,8,2.60,23,56.52,0,0,2,0,0,7,25.0,1,188,9,4/9,20.88,7.52,16.6,1,0,2,0
Royal Challengers Bangalore,Avesh Khan,IPL 2017,1,-,-,-,-,-,-,-,-,-,-,-,-,1,4.0,0,23,1,1/23,23.00,5.75,24.0,0,0,0,0
Royal Challengers Bangalore,B Stanlake,IPL 2017,2,-,-,-,-,-,-,-,-,-,-,-,-,2,8.0,0,70,2,2/29,35.00,8.75,24.0,0,0,1,0
Royal Challengers Bangalore,Mohammed Siraj,IPL 2018,11,4,2,25,14,12.50,22,113.63,0,0,0,2,1,11,41.0,0,367,11,3/25,33.36,8.95,22.3,0,0,5,0
Royal Challengers Bangalore,Mohammed Siraj,IPL 2019,9,4,3,4,3*,4.00,14,28.57,0,0,0,0,0,9,28.1,1,269,7,2/38,38.42,9.55,24.1,0,0,2,0
Royal Challengers Bangalore,Washington Sundar,IPL 2018,7,6,3,65,35,21.66,38,171.05,0,0,0,5,4,7,20.0,0,192,4,2/22,48.00,9.60,30.0,0,0,0,0
Royal Challengers Bangalore,Washington Sundar,IPL 2019,3,2,0,1,1,0.50,3,33.33,0,0,1,0,0,3,9.0,0,74,4,3/24,18.50,8.22,13.5,0,0,2,0
Royal Challengers Bangalore,H Klaasen,IPL 2019,3,2,0,9,6,4.50,10,90.00,0,0,0,0,0,-,-,-,-,-,-,-,-,-,-,-,0,0
Royal Challengers Bangalore,MM Ali,IPL 2018,5,4,0,77,65,19.25,46,167.39,0,1,0,4,6,5,13.1,0,97,3,1/13,32.33,7.36,26.3,0,0,2,0
Royal Challengers Bangalore,MM Ali,IPL 2019,11,10,2,220,66,27.50,133,165.41,0,2,0,16,17,9,25.0,0,169,6,2/18,28.16,6.76,25.0,0,0,1,0
Royal Challengers Bangalore,K Khejroliya,IPL 2018,3,-,-,-,-,-,-,-,-,-,-,-,-,3,10.5,0,107,2,2/33,53.50,9.87,32.5,0,0,0,0
Royal Challengers Bangalore,K Khejroliya,IPL 2019,2,-,-,-,-,-,-,-,-,-,-,-,-,2,5.0,0,46,1,1/29,46.00,9.20,30.0,0,0,0,0
Royal Challengers Bangalore,P Ray Barman,IPL 2019,1,1,0,19,19,19.00,24,79.16,0,0,0,2,0,1,4.0,0,56,0,-,-,14.00,-,0,0,0,0
Royal Challengers Bangalore,SO Hetmyer,IPL 2019,5,5,0,90,75,18.00,73,123.28,0,1,1,4,7,-,-,-,-,-,-,-,-,-,-,-,3,0
Royal Challengers Bangalore,S Dube,IPL 2019,4,4,1,40,24,13.33,33,121.21,0,0,0,1,3,2,1.4,0,8,0,-,-,4.80,-,0,0,1,0
Royal Challengers Bangalore,NA Saini,IPL 2019,13,2,1,2,2,2.00,4,50.00,0,0,0,0,0,13,48.0,0,397,11,2/24,36.09,8.27,26.1,0,0,3,0
Sunrisers Hyderabad,CR Brathwaite,IPL 2018,4,4,1,75,43*,25.00,48,156.25,0,0,0,1,8,4,10.1,0,94,5,2/15,18.80,9.24,12.2,0,0,2,0
Sunrisers Hyderabad,S Nadeem,IPL 2019,3,-,-,-,-,-,-,-,-,-,-,-,-,3,9.0,0,90,2,1/24,45.00,10.00,27.0,0,0,0,0
Sunrisers Hyderabad,WP Saha,IPL 2018,11,10,2,122,35,15.25,102,119.60,0,0,1,17,1,-,-,-,-,-,-,-,-,-,-,-,5,1
Sunrisers Hyderabad,WP Saha,IPL 2019,5,5,0,86,28,17.20,53,162.26,0,0,0,13,1,-,-,-,-,-,-,-,-,-,-,-,3,1
Sunrisers Hyderabad,Sandeep Sharma,IPL 2018,12,3,1,0,0*,0.00,4,0.00,0,0,2,0,0,12,44.0,0,333,12,2/17,27.75,7.56,22.0,0,0,2,0
Sunrisers Hyderabad,Sandeep Sharma,IPL 2019,11,2,2,6,5*,-,3,200.00,0,0,0,1,0,11,42.4,0,352,12,3/19,29.33,8.25,21.3,0,0,1,0
Sunrisers Hyderabad,YK Pathan,IPL 2018,15,13,4,260,45*,28.88,200,130.00,0,0,0,22,11,1,2.0,0,14,1,1/14,14.00,7.00,12.0,0,0,3,0
Sunrisers Hyderabad,YK Pathan,IPL 2019,10,8,5,40,16*,13.33,45,88.88,0,0,1,1,1,1,1.0,0,8,0,-,-,8.00,-,0,0,1,0
Sunrisers Hyderabad,MK Pandey,IPL 2018,15,13,2,284,62*,25.81,246,115.44,0,3,1,22,5,-,-,-,-,-,-,-,-,-,-,-,9,0
Sunrisers Hyderabad,MK Pandey,IPL 2019,12,11,3,344,83*,43.00,263,130.79,0,3,0,34,6,-,-,-,-,-,-,-,-,-,-,-,7,0
Sunrisers Hyderabad,Shakib Al Hasan,IPL 2018,17,13,2,239,35,21.72,197,121.31,0,0,0,26,5,17,57.0,0,456,14,2/18,32.57,8.00,24.4,0,0,3,0
Sunrisers Hyderabad,Shakib Al Hasan,IPL 2019,3,1,0,9,9,9.00,10,90.00,0,0,0,0,0,3,10.5,0,95,2,1/26,47.50,8.76,32.5,0,0,0,0
Sunrisers Hyderabad,MJ Guptill,IPL 2019,3,3,0,81,36,27.00,53,152.83,0,0,0,4,7,-,-,-,-,-,-,-,-,-,-,-,1,0
Sunrisers Hyderabad,CJ Jordan,IPL 2017,1,1,0,0,0,0.00,1,0.00,0,0,1,0,0,1,1.0,0,9,1,1/9,9.00,9.00,6.0,0,0,0,0
Sunrisers Hyderabad,CJ Jordan,IPL 2018,1,-,-,-,-,-,-,-,-,-,-,-,-,1,4.0,0,31,0,-,-,7.75,-,0,0,0,0
Sunrisers Hyderabad,DA Warner,IPL 2016,17,17,3,848,93*,60.57,560,151.42,0,9,1,88,31,-,-,-,-,-,-,-,-,-,-,-,4,0
Sunrisers Hyderabad,DA Warner,IPL 2017,14,14,3,641,126,58.27,452,141.81,1,4,0,63,26,-,-,-,-,-,-,-,-,-,-,-,10,0
Sunrisers Hyderabad,DA Warner,IPL 2019,12,12,2,692,100*,69.20,481,143.86,1,8,0,57,21,-,-,-,-,-,-,-,-,-,-,-,2,0
Sunrisers Hyderabad,S Dhawan,IPL 2016,17,17,4,501,82*,38.53,429,116.78,0,4,1,51,8,-,-,-,-,-,-,-,-,-,-,-,5,0
Sunrisers Hyderabad,S Dhawan,IPL 2017,14,14,1,479,77,36.84,376,127.39,0,3,0,53,9,-,-,-,-,-,-,-,-,-,-,-,7,0
Sunrisers Hyderabad,S Dhawan,IPL 2018,16,16,3,497,92*,38.23,363,136.91,0,4,1,59,14,-,-,-,-,-,-,-,-,-,-,-,12,0
Sunrisers Hyderabad,BCJ Cutting,IPL 2016,4,4,2,65,39*,32.50,34,191.17,0,0,1,4,6,4,11.1,0,80,5,2/20,16.00,7.16,13.4,0,0,1,0
Sunrisers Hyderabad,BCJ Cutting,IPL 2017,4,3,1,51,20,25.50,26,196.15,0,0,0,5,3,4,12.4,0,123,1,1/41,123.00,9.71,76.0,0,0,1,0
Sunrisers Hyderabad,Yuvraj Singh,IPL 2016,10,10,1,236,44,26.22,179,131.84,0,0,0,22,13,5,6.1,0,52,0,-,-,8.43,-,0,0,1,0
Sunrisers Hyderabad,Yuvraj Singh,IPL 2017,12,11,2,252,70*,28.00,177,142.37,0,2,1,30,8,2,2.0,0,22,1,1/6,22.00,11.00,12.0,0,0,3,0
Sunrisers Hyderabad,Bipul Sharma,IPL 2016,7,4,2,51,27*,25.50,25,204.00,0,0,0,1,5,6,14.0,0,121,3,1/10,40.33,8.64,28.0,0,0,2,0
Sunrisers Hyderabad,Bipul Sharma,IPL 2017,7,3,2,31,21*,31.00,24,129.16,0,0,0,2,1,7,16.2,0,129,3,1/4,43.00,7.89,32.6,0,0,1,0
Sunrisers Hyderabad,EJG Morgan,IPL 2016,7,6,1,123,51,24.60,105,117.14,0,1,1,8,4,-,-,-,-,-,-,-,-,-,-,-,3,0
Sunrisers Hyderabad,A Ashish Reddy,IPL 2016,4,3,1,47,32,23.50,29,162.06,0,0,0,2,4,2,3.5,0,39,1,1/14,39.00,10.17,23.0,0,0,1,0
Sunrisers Hyderabad,KS Williamson,IPL 2016,6,6,0,124,50,20.66,122,101.63,0,1,0,14,0,1,1.0,0,7,0,-,-,7.00,-,0,0,5,0
Sunrisers Hyderabad,KS Williamson,IPL 2017,7,7,1,256,89,42.66,169,151.47,0,2,0,20,10,-,-,-,-,-,-,-,-,-,-,-,1,0
Sunrisers Hyderabad,KS Williamson,IPL 2018,17,17,3,735,84,52.50,516,142.44,0,8,1,63,28,-,-,-,-,-,-,-,-,-,-,-,6,0
Sunrisers Hyderabad,KS Williamson,IPL 2019,9,9,2,156,70*,22.28,130,120.00,0,1,0,12,5,-,-,-,-,-,-,-,-,-,-,-,2,0
Sunrisers Hyderabad,MC Henriques,IPL 2016,17,15,3,182,31*,15.16,158,115.18,0,0,1,15,6,17,52.0,0,415,12,2/17,34.58,7.98,26.0,0,0,11,0
Sunrisers Hyderabad,MC Henriques,IPL 2017,12,11,5,277,55*,46.16,203,136.45,0,3,0,28,4,12,24.0,0,248,1,1/6,248.00,10.33,144.0,0,0,5,0
Sunrisers Hyderabad,NV Ojha,IPL 2016,17,13,3,136,37,13.60,138,98.55,0,0,1,7,5,-,-,-,-,-,-,-,-,-,-,-,18,0
Sunrisers Hyderabad,NV Ojha,IPL 2017,14,5,1,79,34,19.75,65,121.53,0,0,0,2,3,-,-,-,-,-,-,-,-,-,-,-,6,0
Sunrisers Hyderabad,DJ Hooda,IPL 2016,17,15,1,144,34,10.28,121,119.00,0,0,0,9,5,6,13.0,0,97,3,2/16,32.33,7.46,26.0,0,0,3,0
Sunrisers Hyderabad,DJ Hooda,IPL 2017,10,6,3,78,19*,26.00,52,150.00,0,0,0,5,4,3,4.0,0,42,2,1/7,21.00,10.50,12.0,0,0,5,0
Sunrisers Hyderabad,DJ Hooda,IPL 2018,9,8,4,87,32*,21.75,81,107.40,0,0,0,2,3,2,3.0,0,24,0,-,-,8.00,-,0,0,3,0
Sunrisers Hyderabad,DJ Hooda,IPL 2019,11,7,1,64,20,10.66,63,101.58,0,0,1,5,1,2,2.0,0,21,1,1/13,21.00,10.50,12.0,0,0,10,0
Sunrisers Hyderabad,B Kumar,IPL 2016,17,8,2,43,21,7.16,27,159.25,0,0,0,6,1,17,66.0,3,490,23,4/29,21.30,7.42,17.2,1,0,6,0
Sunrisers Hyderabad,B Kumar,IPL 2017,14,2,1,4,4*,4.00,4,100.00,0,0,1,0,0,14,52.2,0,369,26,5/19,14.19,7.05,12.0,0,1,4,0
Sunrisers Hyderabad,B Kumar,IPL 2018,12,4,2,13,7,6.50,16,81.25,0,0,1,1,0,12,46.1,1,354,9,3/26,39.33,7.66,30.7,0,0,2,0
Sunrisers Hyderabad,B Kumar,IPL 2019,15,5,2,12,7*,4.00,19,63.15,0,0,0,1,0,15,59.0,1,461,13,2/24,35.46,7.81,27.2,0,0,4,0
Sunrisers Hyderabad,AP Tare,IPL 2016,3,2,0,8,8,4.00,15,53.33,0,0,1,1,0,-,-,-,-,-,-,-,-,-,-,-,1,0
Sunrisers Hyderabad,KV Sharma,IPL 2016,5,3,3,36,26*,-,30,120.00,0,0,0,3,1,5,16.2,0,171,0,-,-,10.46,-,0,0,0,0
Sunrisers Hyderabad,BB Sran,IPL 2016,14,4,4,4,2*,-,4,100.00,0,0,0,0,0,14,49.3,0,413,14,3/28,29.50,8.34,21.2,0,0,2,0
Sunrisers Hyderabad,BB Sran,IPL 2017,1,-,-,-,-,-,-,-,-,-,-,-,-,1,2.0,0,29,0,-,-,14.50,-,0,0,0,0
Sunrisers Hyderabad,A Nehra,IPL 2016,8,2,2,1,1*,-,1,100.00,0,0,0,0,0,8,26.0,1,199,9,3/15,22.11,7.65,17.3,0,0,1,0
Sunrisers Hyderabad,A Nehra,IPL 2017,6,2,2,0,0*,-,0,-,0,0,0,0,0,6,21.1,0,197,8,3/42,24.62,9.30,15.8,0,0,1,0
Sunrisers Hyderabad,TA Boult,IPL 2016,1,-,-,-,-,-,-,-,-,-,-,-,-,1,4.0,0,39,1,1/39,39.00,9.75,24.0,0,0,1,0
Sunrisers Hyderabad,Mustafizur Rahman,IPL 2016,16,-,-,-,-,-,-,-,-,-,-,-,-,16,61.0,1,421,17,3/16,24.76,6.90,21.5,0,0,2,0
Sunrisers Hyderabad,Mustafizur Rahman,IPL 2017,1,-,-,-,-,-,-,-,-,-,-,-,-,1,2.4,0,34,0,-,-,12.75,-,0,0,0,0
Sunrisers Hyderabad,B Stanlake,IPL 2018,4,1,1,5,5*,-,2,250.00,0,0,0,1,0,4,16.0,0,130,5,2/21,26.00,8.12,19.2,0,0,0,0
Sunrisers Hyderabad,V Shankar,IPL 2017,4,4,2,101,63*,50.50,75,134.66,0,1,0,12,1,-,-,-,-,-,-,-,-,-,-,-,1,0
Sunrisers Hyderabad,V Shankar,IPL 2019,15,14,2,244,40*,20.33,193,126.42,0,0,0,11,12,5,8.0,0,70,1,1/11,70.00,8.75,48.0,0,0,10,0
Sunrisers Hyderabad,Rashid Khan,IPL 2017,14,3,1,11,6*,5.50,9,122.22,0,0,0,0,1,14,54.0,0,358,17,3/19,21.05,6.62,19.0,0,0,5,0
Sunrisers Hyderabad,Rashid Khan,IPL 2018,17,7,2,59,34*,11.80,31,190.32,0,0,2,3,6,17,68.0,2,458,21,3/19,21.80,6.73,19.4,0,0,6,0
Sunrisers Hyderabad,Rashid Khan,IPL 2019,15,8,3,34,17*,6.80,23,147.82,0,0,3,2,2,15,60.0,1,377,17,3/21,22.17,6.28,21.1,0,0,4,0
Sunrisers Hyderabad,Mohammad Nabi,IPL 2017,3,1,0,2,2,2.00,3,66.66,0,0,0,0,0,3,11.0,0,58,2,1/13,29.00,5.27,33.0,0,0,0,0
Sunrisers Hyderabad,Mohammad Nabi,IPL 2018,2,2,0,18,14,9.00,12,150.00,0,0,0,3,0,2,5.0,0,47,1,1/23,47.00,9.40,30.0,0,0,0,0
Sunrisers Hyderabad,Mohammad Nabi,IPL 2019,8,7,1,115,31,19.16,76,151.31,0,0,0,8,7,8,29.1,0,194,8,4/11,24.25,6.65,21.8,1,0,6,0
Sunrisers Hyderabad,S Kaul,IPL 2017,10,1,1,0,0*,-,2,0.00,0,0,0,0,0,10,35.4,0,300,16,4/29,18.75,8.41,13.3,1,0,3,0
Sunrisers Hyderabad,S Kaul,IPL 2018,17,4,1,3,2,1.00,14,21.42,0,0,1,0,0,17,66.0,0,547,21,3/23,26.04,8.28,18.8,0,0,2,0
Sunrisers Hyderabad,S Kaul,IPL 2019,7,2,1,0,0*,0.00,1,0.00,0,0,1,0,0,7,27.0,0,242,6,2/34,40.33,8.96,27.0,0,0,1,0
Sunrisers Hyderabad,Mohammed Siraj,IPL 2017,6,-,-,-,-,-,-,-,-,-,-,-,-,6,23.0,0,212,10,4/32,21.20,9.21,13.8,1,0,1,0
Sunrisers Hyderabad,Basil Thampi,IPL 2018,4,2,1,3,3,3.00,6,50.00,0,0,0,0,0,4,10.1,0,114,5,2/4,22.80,11.21,12.2,0,0,2,0
Sunrisers Hyderabad,Basil Thampi,IPL 2019,3,1,1,1,1*,-,1,100.00,0,0,0,0,0,3,12.0,0,110,0,-,-,9.16,-,0,0,0,0
Sunrisers Hyderabad,Abhishek Sharma,IPL 2019,3,3,1,9,5*,4.50,9,100.00,0,0,0,1,0,2,2.0,0,21,1,1/10,21.00,10.50,12.0,0,0,1,0
Sunrisers Hyderabad,AD Hales,IPL 2018,6,6,0,148,45,24.66,118,125.42,0,0,0,13,6,-,-,-,-,-,-,-,-,-,-,-,2,0
Sunrisers Hyderabad,SP Goswami,IPL 2018,6,3,0,52,35,17.33,40,130.00,0,0,0,6,1,-,-,-,-,-,-,-,-,-,-,-,5,0
Sunrisers Hyderabad,RK Bhui,IPL 2018,1,1,0,0,0,0.00,5,0.00,0,0,1,0,0,-,-,-,-,-,-,-,-,-,-,-,0,0
Sunrisers Hyderabad,RK Bhui,IPL 2019,1,1,0,7,7,7.00,12,58.33,0,0,0,0,0,-,-,-,-,-,-,-,-,-,-,-,0,0
Sunrisers Hyderabad,KK Ahmed,IPL 2018,1,-,-,-,-,-,-,-,-,-,-,-,-,1,3.0,0,38,0,-,-,12.66,-,0,0,0,0
Sunrisers Hyderabad,KK Ahmed,IPL 2019,9,1,0,0,0,0.00,1,0.00,0,0,1,0,0,9,34.5,0,287,19,3/30,15.10,8.23,11.0,0,0,0,0
Sunrisers Hyderabad,JM Bairstow,IPL 2019,10,10,2,445,114,55.62,283,157.24,1,2,1,48,18,-,-,-,-,-,-,-,-,-,-,-,9,2
Gujarat Lions,AJ Finch,IPL 2016,13,12,2,393,74,39.30,299,131.43,0,5,2,45,11,-,-,-,-,-,-,-,-,-,-,-,3,0
Gujarat Lions,AJ Finch,IPL 2017,13,13,1,299,72,24.91,180,166.11,0,2,1,25,19,-,-,-,-,-,-,-,-,-,-,-,5,0
Gujarat Lions,DR Smith,IPL 2016,12,12,1,324,73,29.45,221,146.60,0,3,1,35,16,8,18.0,0,153,8,4/8,19.12,8.50,13.5,1,0,7,0
Gujarat Lions,DR Smith,IPL 2017,12,12,1,239,74,21.72,156,153.20,0,2,2,32,8,9,13.0,0,148,2,1/10,74.00,11.38,39.0,0,0,3,0
Gujarat Lions,SK Raina,IPL 2016,15,15,1,399,75,28.50,312,127.88,0,3,0,39,10,4,10.0,0,82,0,-,-,8.20,-,0,0,7,0
Gujarat Lions,SK Raina,IPL 2017,14,14,3,442,84,40.18,307,143.97,0,3,0,42,13,6,12.0,0,102,1,1/11,102.00,8.50,72.0,0,0,4,0
Gujarat Lions,KD Karthik,IPL 2016,16,15,2,335,53,25.76,266,125.93,0,3,1,38,3,-,-,-,-,-,-,-,-,-,-,-,11,3
Gujarat Lions,KD Karthik,IPL 2017,14,13,3,361,65,36.10,259,139.38,0,2,1,30,11,-,-,-,-,-,-,-,-,-,-,-,8,0
Gujarat Lions,JP Faulkner,IPL 2016,7,5,2,77,32,25.66,59,130.50,0,0,0,7,0,7,17.0,0,167,2,1/23,83.50,9.82,51.0,0,0,3,0
Gujarat Lions,JP Faulkner,IPL 2017,8,6,2,54,21,13.50,57,94.73,0,0,0,4,0,8,26.2,0,258,6,2/34,43.00,9.79,26.3,0,0,3,0
Gujarat Lions,BB McCullum,IPL 2016,16,16,0,354,60,22.12,262,135.11,0,1,1,38,16,-,-,-,-,-,-,-,-,-,-,-,0,0
Gujarat Lions,BB McCullum,IPL 2017,11,11,0,319,72,29.00,217,147.00,0,2,0,29,18,-,-,-,-,-,-,-,-,-,-,-,8,0
Gujarat Lions,RA Jadeja,IPL 2016,15,15,6,191,36*,21.22,177,107.90,0,0,1,14,4,14,40.1,0,311,8,2/18,38.87,7.74,30.1,0,0,4,0
Gujarat Lions,RA Jadeja,IPL 2017,12,10,6,158,28,39.5,113,139.82,0,0,0,13,4,12,38.0,0,349,5,2/28,69.80,9.18,45.6,0,0,2,0
Gujarat Lions,DS Kulkarni,IPL 2016,14,5,3,27,10,13.50,16,168.75,0,0,0,3,0,14,49.0,4,364,18,4/14,20.22,7.42,16.3,1,0,2,0
Gujarat Lions,DS Kulkarni,IPL 2017,6,1,0,1,1,1.00,2,50.00,0,0,0,0,0,6,18.5,0,173,3,1/24,57.66,9.18,37.6,0,0,1,0
Gujarat Lions,DJ Bravo,IPL 2016,15,13,5,99,22*,12.37,82,120.73,0,0,1,11,1,15,56.0,0,494,17,4/22,29.05,8.82,19.7,1,0,6,0
Gujarat Lions,ER Dwivedi,IPL 2016,4,2,0,24,19,12.00,14,171.42,0,0,0,2,2,-,-,-,-,-,-,-,-,-,-,-,2,0
Gujarat Lions,Ishan Kishan,IPL 2016,5,5,0,42,27,8.40,41,102.43,0,0,1,5,0,-,-,-,-,-,-,-,-,-,-,-,1,0
Gujarat Lions,Ishan Kishan,IPL 2017,11,10,0,277,61,27.70,206,134.46,0,1,0,29,13,-,-,-,-,-,-,-,-,-,-,-,3,0
Gujarat Lions,AD Nath,IPL 2016,4,3,0,20,12,6.66,27,74.07,0,0,0,1,0,-,-,-,-,-,-,-,-,-,-,-,0,0
Gujarat Lions,AD Nath,IPL 2017,1,1,0,0,0,0.00,1,0.00,0,0,1,0,0,-,-,-,-,-,-,-,-,-,-,-,0,0
Gujarat Lions,P Kumar,IPL 2016,16,7,3,24,15,6.00,26,92.30,0,0,1,3,0,16,51.3,2,401,9,2/19,44.55,7.78,34.3,0,0,2,0
Gujarat Lions,P Kumar,IPL 2017,6,2,1,8,7*,8.00,9,88.88,0,0,0,0,0,6,16.3,0,151,6,2/22,25.16,9.15,16.5,0,0,0,0
Gujarat Lions,DW Steyn,IPL 2016,1,1,0,1,1,1.00,2,50.00,0,0,0,0,0,1,2.0,0,17,0,-,-,8.50,-,0,0,0,0
Gujarat Lions,S Kaushik,IPL 2016,7,2,1,0,0*,0.00,1,0.00,0,0,1,0,0,7,23.0,0,192,6,3/20,32.00,8.34,23.0,0,0,0,0
Gujarat Lions,S Kaushik,IPL 2017,3,-,-,-,-,-,-,-,-,-,-,-,-,3,11.0,0,105,0,-,-,9.54,-,0,0,0,0
Gujarat Lions,PV Tambe,IPL 2016,7,1,1,7,7*,-,19,36.84,0,0,0,1,0,7,16.0,0,143,5,2/12,28.60,8.93,19.2,0,0,1,0
Gujarat Lions,SB Jakati,IPL 2016,6,1,1,1,1*,-,2,50.00,0,0,0,0,0,6,20.0,0,178,2,1/13,89.00,8.90,60.0,0,0,4,0
Gujarat Lions,SB Jakati,IPL 2017,2,-,-,-,-,-,-,-,-,-,-,-,-,2,5.0,0,52,0,-,-,10.40,-,0,0,0,0
Gujarat Lions,S Ladda,IPL 2016,1,-,-,-,-,-,-,-,-,-,-,-,-,1,2.0,0,21,0,-,-,10.50,-,0,0,0,0
Gujarat Lions,PJ Sangwan,IPL 2016,2,-,-,-,-,-,-,-,-,-,-,-,-,2,4.0,0,49,0,-,-,12.25,-,0,0,1,0
Gujarat Lions,PJ Sangwan,IPL 2017,5,3,1,2,1*,1.00,4,50.00,0,0,1,0,0,5,18.0,0,181,5,2/38,36.20,10.05,21.6,0,0,0,0
Gujarat Lions,IK Pathan,IPL 2017,1,1,0,2,2,2.00,3,66.66,0,0,0,0,0,1,2.0,0,26,0,-,-,13.00,-,0,0,0,0
Gujarat Lions,JJ Roy,IPL 2017,3,3,1,59,31,29.50,40,147.50,0,0,0,9,1,-,-,-,-,-,-,-,-,-,-,-,1,0
Gujarat Lions,AJ Tye,IPL 2017,6,3,1,53,25,26.50,30,176.66,0,0,0,4,3,6,21.0,0,141,12,5/17,11.75,6.71,10.5,0,1,0,0
Gujarat Lions,Ankit Soni,IPL 2017,7,3,1,7,7*,3.50,9,77.77,0,0,2,0,1,6,18.1,0,144,2,1/16,72.00,7.92,54.5,0,0,1,0
Gujarat Lions,MM Patel,IPL 2017,2,1,0,0,0,0.00,1,0.00,0,0,1,0,0,2,7.0,0,57,1,1/35,57.00,8.14,42.0,0,0,0,0
Gujarat Lions,Basil Thampi,IPL 2017,12,5,5,28,13*,-,28,100.00,0,0,0,1,1,12,44.4,0,424,11,3/29,38.54,9.49,24.3,0,0,2,0
Gujarat Lions,SS Agarwal,IPL 2017,1,-,-,-,-,-,-,-,-,-,-,-,-,1,4.0,0,42,1,1/42,42.00,10.50,24.0,0,0,1,0
Gujarat Lions,MS Gony,IPL 2017,1,-,-,-,-,-,-,-,-,-,-,-,-,1,2.0,0,32,0,-,-,16.00,-,0,0,0,0
Gujarat Lions,NB Singh,IPL 2017,2,-,-,-,-,-,-,-,-,-,-,-,-,2,4.0,0,15,1,1/7,15.00,3.75,24.0,0,0,0,0
Gujarat Lions,Tejas Baroka,IPL 2017,1,-,-,-,-,-,-,-,-,-,-,-,-,1,3.3,0,33,0,-,-,9.42,-,0,0,0,0
Rising Pune Supergiants,SPD Smith,IPL 2016,8,7,1,270,101,45.00,176,153.40,1,0,0,27,8,-,-,-,-,-,-,-,-,-,-,-,2,0
Rising Pune Supergiants,AM Rahane,IPL 2016,14,14,3,480,74,43.63,379,126.64,0,6,2,54,9,-,-,-,-,-,-,-,-,-,-,-,7,0
Rising Pune Supergiants,MS Dhoni,IPL 2016,14,12,5,284,64*,40.57,210,135.23,0,1,0,18,14,-,-,-,-,-,-,-,-,-,-,-,8,4
Rising Pune Supergiants,KP Pietersen,IPL 2016,4,4,2,73,37,36.50,61,119.67,0,0,0,4,3,-,-,-,-,-,-,-,-,-,-,-,1,0
Rising Pune Supergiants,F du Plessis,IPL 2016,6,6,0,206,69,34.33,162,127.16,0,2,0,17,9,-,-,-,-,-,-,-,-,-,-,-,4,0
Rising Pune Supergiants,R Bhatia,IPL 2016,10,6,5,34,21,34.00,20,170.00,0,0,0,1,2,10,34.0,1,244,6,2/19,40.66,7.17,34.0,0,0,2,0
Rising Pune Supergiants,SS Tiwary,IPL 2016,10,8,1,170,57,24.28,141,120.56,0,2,0,17,4,-,-,-,-,-,-,-,-,-,-,-,4,0
Rising Pune Supergiants,NLTC Perera,IPL 2016,12,10,3,150,34,21.42,93,161.29,0,0,0,7,11,11,33.1,0,326,9,3/34,36.22,9.82,22.1,0,0,5,0
Rising Pune Supergiants,UT Khawaja,IPL 2016,6,6,0,127,30,21.16,100,127.00,0,0,0,14,3,-,-,-,-,-,-,-,-,-,-,-,1,0
Rising Pune Supergiants,GJ Bailey,IPL 2016,6,5,1,84,34,21.00,98,85.71,0,0,1,9,2,-,-,-,-,-,-,-,-,-,-,-,2,0
Rising Pune Supergiants,R Ashwin,IPL 2016,14,6,4,41,29,20.50,38,107.89,0,0,1,3,1,14,44.0,0,319,10,4/34,31.90,7.25,26.4,1,0,3,0
Rising Pune Supergiants,JA Morkel,IPL 2016,2,1,0,16,16,16.00,9,177.77,0,0,0,0,2,2,5.0,0,66,2,2/36,33.00,13.20,15.0,0,0,1,0
Rising Pune Supergiants,MR Marsh,IPL 2016,3,1,0,7,7,7.00,11,63.63,0,0,0,0,0,3,9.0,0,45,4,2/14,11.25,5.00,13.5,0,0,0,0
Rising Pune Supergiants,PSP Handscomb,IPL 2016,2,1,0,6,6,6.00,12,50.00,0,0,0,0,0,-,-,-,-,-,-,-,-,-,-,-,0,0
Rising Pune Supergiants,IK Pathan,IPL 2016,4,3,0,11,7,3.66,13,84.61,0,0,0,0,0,3,8.0,0,61,0,-,-,7.62,-,0,0,1,0
Rising Pune Supergiants,M Ashwin,IPL 2016,10,1,0,0,0,0.00,1,0.00,0,0,1,0,0,10,28.3,0,241,7,3/36,34.42,8.45,24.4,0,0,0,0
Rising Pune Supergiants,A Zampa,IPL 2016,5,1,0,0,0,0.00,1,0.00,0,0,1,0,0,5,17.0,0,115,12,6/19,9.58,6.76,8.5,0,1,0,0
Rising Pune Supergiants,Ankit Sharma,IPL 2016,3,1,1,3,3*,-,3,100.00,0,0,0,0,0,3,11.0,0,84,1,1/27,84.00,7.63,66.0,0,0,1,0
Rising Pune Supergiants,I Sharma,IPL 2016,4,1,1,0,0*,-,0,-,0,0,0,0,0,4,15.0,0,148,3,2/36,49.33,9.86,30.0,0,0,2,0
Rising Pune Supergiants,SM Boland,IPL 2016,2,-,-,-,-,-,-,-,-,-,-,-,-,2,7.0,0,54,2,2/31,27.00,7.71,21.0,0,0,0,0
Rising Pune Supergiants,DL Chahar,IPL 2016,2,-,-,-,-,-,-,-,-,-,-,-,-,2,5.0,0,41,0,-,-,8.20,-,0,0,1,0
Rising Pune Supergiants,AB Dinda,IPL 2016,9,-,-,-,-,-,-,-,-,-,-,-,-,9,30.3,2,231,11,3/20,21.00,7.57,16.6,0,0,0,0
Rising Pune Supergiants,RP Singh,IPL 2016,4,-,-,-,-,-,-,-,-,-,-,-,-,4,12.0,0,111,3,1/23,37.00,9.25,24.0,0,0,0,0
Rising Pune Supergiant,MA Agarwal,IPL 2017,3,3,0,26,20,8.66,27,96.29,0,0,1,3,0,-,-,-,-,-,-,-,-,-,-,-,1,0
Rising Pune Supergiant,Imran Tahir,IPL 2017,12,1,1,0,0*,-,2,0.00,0,0,0,0,0,12,47.0,0,369,18,3/18,20.50,7.85,15.6,0,0,2,0
Rising Pune Supergiant,JD Unadkat,IPL 2017,12,2,2,2,2*,-,5,40.00,0,0,0,0,0,12,45.5,3,322,24,5/30,13.41,7.02,11.4,0,1,9,0
Rising Pune Supergiant,SPD Smith,IPL 2017,15,15,3,472,84*,39.33,387,121.96,0,3,0,38,12,-,-,-,-,-,-,-,-,-,-,-,7,0
Rising Pune Supergiant,AM Rahane,IPL 2017,16,16,1,382,60,25.46,323,118.26,0,2,2,35,9,-,-,-,-,-,-,-,-,-,-,-,6,0
Rising Pune Supergiant,MS Dhoni,IPL 2017,16,15,4,290,61*,26.36,250,116.00,0,1,0,15,16,-,-,-,-,-,-,-,-,-,-,-,10,3
Rising Pune Supergiant,F du Plessis,IPL 2017,2,1,0,8,8,8.00,7,114.28,0,0,0,1,0,-,-,-,-,-,-,-,-,-,-,-,0,0
Rising Pune Supergiant,R Bhatia,IPL 2017,3,2,1,16,16,16.00,17,94.11,0,0,0,0,1,3,7.0,0,55,2,2/14,27.50,7.85,21.0,0,0,2,0
Rising Pune Supergiant,A Zampa,IPL 2017,6,1,0,5,5,5.00,7,71.42,0,0,0,1,0,6,19.5,0,163,7,2/22,23.28,8.21,17.0,0,0,0,0
Rising Pune Supergiant,Ankit Sharma,IPL 2017,1,1,0,25,25,25.00,15,166.66,0,0,0,2,1,1,1.0,0,16,0,-,-,16.00,-,0,0,0,0
Rising Pune Supergiant,DL Chahar,IPL 2017,3,1,0,14,14,14,6,233.33,0,0,0,0,2,3,7.0,0,74,1,1/35,74.00,10.57,42.0,0,0,0,0
Rising Pune Supergiant,AB Dinda,IPL 2017,3,1,0,7,7,7.00,7,100.00,0,0,0,1,0,3,10.0,0,119,1,1/26,119.00,11.90,60.0,0,0,0,0
Rising Pune Supergiant,MK Tiwary,IPL 2017,15,13,3,324,60,32.4,236,137.28,0,2,1,31,11,-,-,-,-,-,-,-,-,-,-,-,6,0
Rising Pune Supergiant,BA Stokes,IPL 2017,12,11,1,316,103*,31.6,221,142.98,1,1,0,22,15,12,44.0,1,316,12,3/18,26.33,7.18,22.0,0,0,5,0
Rising Pune Supergiant,RA Tripathi,IPL 2017,14,14,0,391,93,27.92,267,146.44,0,2,1,43,17,1,1.0,0,12,0,-,-,12.00,-,0,0,5,0
Rising Pune Supergiant,DT Christian,IPL 2017,13,9,4,79,17*,15.8,49,161.22,0,0,0,5,5,13,40.0,0,298,11,2/10,27.09,7.45,21.8,0,0,6,0
Rising Pune Supergiant,Washington Sundar,IPL 2017,11,5,4,9,5*,9.00,12,75.00,0,0,1,0,0,10,30.0,0,185,8,3/16,23.12,6.16,22.5,0,0,5,0
Rising Pune Supergiant,SN Thakur,IPL 2017,12,3,0,0,0,0.00,3,0.00,0,0,3,0,0,12,38.1,0,315,11,3/19,28.63,8.25,20.8,0,0,4,0
Rising Pune Supergiant,RD Chahar,IPL 2017,3,1,1,3,3*,-,2,150.00,0,0,0,0,0,2,7.0,0,58,2,1/26,29.00,8.28,21.0,0,0,1,0
Rising Pune Supergiant,LH Ferguson,IPL 2017,4,1,1,1,1*,-,1,100.00,0,0,0,0,0,4,13.0,1,93,3,2/7,31.00,7.15,26.0,0,0,0,0
Chennai Super Kings,SW Billings,IPL 2018,10,8,0,108,56,13.50,78,138.46,0,1,1,8,5,-,-,-,-,-,-,-,-,-,-,-,5,0
Chennai Super Kings,SW Billings,IPL 2019,1,1,0,0,0,0.00,4,0.00,0,0,1,0,0,-,-,-,-,-,-,-,-,-,-,-,1,0
Chennai Super Kings,Imran Tahir,IPL 2018,6,1,1,2,2*,-,2,100.00,0,0,0,0,0,6,20.4,0,188,6,2/34,31.33,9.09,20.6,0,0,2,0
Chennai Super Kings,Imran Tahir,IPL 2019,17,1,1,0,0*,-,0,-,0,0,0,0,0,17,64.2,1,431,26,4/12,16.57,6.69,14.8,2,0,6,0
Chennai Super Kings,M Vijay,IPL 2018,1,1,0,12,12,12.00,10,120.00,0,0,0,0,1,-,-,-,-,-,-,-,-,-,-,-,0,0
Chennai Super Kings,M Vijay,IPL 2019,2,2,0,64,38,32.00,61,104.91,0,0,0,6,1,-,-,-,-,-,-,-,-,-,-,-,1,0
Chennai Super Kings,MM Sharma,IPL 2019,1,1,1,0,0*,-,2,0.00,0,0,0,0,0,1,3.0,0,27,1,1/27,27.00,9.00,18.0,0,0,0,0
Chennai Super Kings,Harbhajan Singh,IPL 2018,13,3,0,29,19,9.66,36,80.55,0,0,0,3,1,12,31.5,0,270,7,2/22,38.57,8.48,27.2,0,0,4,0
Chennai Super Kings,Harbhajan Singh,IPL 2019,11,1,0,1,1,1.00,3,33.33,0,0,0,0,0,11,44.0,1,312,16,3/20,19.50,7.09,16.5,0,0,4,0
Chennai Super Kings,AT Rayudu,IPL 2018,16,16,2,602,100*,43.00,402,149.75,1,3,1,53,34,-,-,-,-,-,-,-,-,-,-,-,2,0
Chennai Super Kings,AT Rayudu,IPL 2019,17,17,5,282,57,23.50,303,93.06,0,1,2,20,7,-,-,-,-,-,-,-,-,-,-,-,6,0
Chennai Super Kings,SR Watson,IPL 2018,15,15,1,555,117*,39.64,359,154.59,2,2,1,44,35,11,28.0,0,251,6,2/29,41.83,8.96,28.0,0,0,3,0
Chennai Super Kings,SR Watson,IPL 2019,17,17,0,398,96,23.41,312,127.56,0,3,3,42,20,-,-,-,-,-,-,-,-,-,-,-,6,0
Chennai Super Kings,KM Jadhav,IPL 2018,1,1,1,24,24*,-,22,109.09,0,0,0,1,2,-,-,-,-,-,-,-,-,-,-,-,0,0
Chennai Super Kings,KM Jadhav,IPL 2019,14,12,3,162,58,18.00,169,95.85,0,1,1,19,3,-,-,-,-,-,-,-,-,-,-,-,4,0
Chennai Super Kings,KV Sharma,IPL 2018,6,1,1,0,0*,-,0,-,0,0,0,0,0,5,9.3,0,89,4,2/13,22.25,9.36,14.2,0,0,3,0
Chennai Super Kings,KV Sharma,IPL 2019,1,-,-,-,-,-,-,-,-,-,-,-,-,1,2.5,0,33,1,1/33,33.00,11.64,17.0,0,0,0,0
Chennai Super Kings,SK Raina,IPL 2018,15,15,3,445,75*,37.08,336,132.44,0,4,0,46,12,-,-,-,-,-,-,-,-,-,-,-,9,0
Chennai Super Kings,SK Raina,IPL 2019,17,17,1,383,59,23.93,314,121.97,0,3,1,45,9,1,1.0,0,6,0,-,-,6.00,-,0,0,7,0
Chennai Super Kings,RA Jadeja,IPL 2018,16,10,5,89,27*,17.80,74,120.27,0,0,0,3,4,14,41.0,0,303,11,3/18,27.54,7.39,22.3,0,0,11,0
Chennai Super Kings,RA Jadeja,IPL 2019,16,9,6,106,31*,35.33,88,120.45,0,0,0,7,4,16,54.0,1,343,15,3/9,22.86,6.35,21.6,0,0,9,0
Chennai Super Kings,DJ Bravo,IPL 2018,16,10,6,141,68,35.25,91,154.94,0,1,1,8,10,16,53.3,1,533,14,2/16,38.07,9.96,22.9,0,0,9,0
Chennai Super Kings,DJ Bravo,IPL 2019,12,9,4,80,27,16.00,66,121.21,0,0,0,6,3,12,41.1,0,330,11,3/33,30.00,8.01,22.4,0,0,5,0
Chennai Super Kings,MS Dhoni,IPL 2018,16,15,9,455,79*,75.83,302,150.66,0,3,0,24,30,-,-,-,-,-,-,-,-,-,-,-,11,3
Chennai Super Kings,MS Dhoni,IPL 2019,15,12,7,416,84*,83.20,309,134.62,0,3,0,22,23,-,-,-,-,-,-,-,-,-,-,-,11,5
Chennai Super Kings,F du Plessis,IPL 2018,6,6,1,162,67*,32.4,129,125.58,0,1,0,17,6,-,-,-,-,-,-,-,-,-,-,-,1,0
Chennai Super Kings,F du Plessis,IPL 2019,12,12,1,396,96,36,321,123.36,0,3,0,36,15,-,-,-,-,-,-,-,-,-,-,-,12,0
Chennai Super Kings,DL Chahar,IPL 2018,12,4,1,50,39,16.66,29,172.41,0,0,1,1,4,12,38.1,1,278,10,3/15,27.80,7.28,22.9,0,0,1,0
Chennai Super Kings,DL Chahar,IPL 2019,17,2,0,7,7,3.50,9,77.77,0,0,1,1,0,17,64.3,2,482,22,3/20,21.90,7.47,17.5,0,0,2,0
Chennai Super Kings,SN Thakur,IPL 2018,13,1,1,15,15*,-,5,300.00,0,0,0,3,0,13,46.4,1,431,16,2/18,26.93,9.23,17.5,0,0,4,0
Chennai Super Kings,SN Thakur,IPL 2019,10,3,1,14,12*,7.00,7,200.00,0,0,1,1,1,9,30.0,0,281,8,2/18,35.12,9.36,22.5,0,0,5,0
Chennai Super Kings,DR Shorey,IPL 2018,1,1,0,8,8,8.00,9,88.88,0,0,0,0,1,-,-,-,-,-,-,-,-,-,-,-,0,0
Chennai Super Kings,DR Shorey,IPL 2019,1,1,0,5,5,5.00,8,62.50,0,0,0,0,0,-,-,-,-,-,-,-,-,-,-,-,0,0
Chennai Super Kings,MA Wood,IPL 2018,1,1,0,1,1,1.00,3,33.33,0,0,0,0,0,1,4.0,0,49,0,-,-,12.25,-,0,0,1,0
Chennai Super Kings,KM Asif,IPL 2018,2,-,-,-,-,-,-,-,-,-,-,-,-,2,6.0,0,75,3,2/43,25.00,12.50,12.0,0,0,0,0
Chennai Super Kings,L Ngidi,IPL 2018,7,-,-,-,-,-,-,-,-,-,-,-,-,7,26.0,2,156,11,4/10,14.18,6.00,14.1,1,0,1,0
Chennai Super Kings,DJ Willey,IPL 2018,3,-,-,-,-,-,-,-,-,-,-,-,-,3,10.0,0,95,2,1/24,47.50,9.50,30.0,0,0,2,0
Chennai Super Kings,MJ Santner,IPL 2019,4,2,1,32,22,32.00,23,139.13,0,0,0,0,3,4,14.0,0,94,4,2/13,23.50,6.71,21.0,0,0,1,0
Chennai Super Kings,SC Kuggeleijn,IPL 2019,2,-,-,-,-,-,-,-,-,-,-,-,-,2,8.0,0,71,2,2/37,35.50,8.87,24.0,0,0,0,0
Rajasthan Royals,SV Samson,IPL 2018,15,15,1,441,92*,31.50,320,137.81,0,3,1,30,19,-,-,-,-,-,-,-,-,-,-,-,5,0
Rajasthan Royals,SV Samson,IPL 2019,12,12,2,342,102*,34.20,230,148.69,1,0,1,28,13,-,-,-,-,-,-,-,-,-,-,-,4,1
Rajasthan Royals,Anureet Singh,IPL 2018,3,1,1,3,3*,-,4,75.00,0,0,0,0,0,3,4.0,0,42,1,1/20,42.00,10.50,24.0,0,0,1,0
Rajasthan Royals,JD Unadkat,IPL 2018,15,7,3,49,26,12.25,38,128.94,0,0,1,6,1,15,50.2,0,486,11,3/46,44.18,9.65,27.4,0,0,6,0
Rajasthan Royals,JD Unadkat,IPL 2019,11,4,3,1,1,1.00,3,33.33,0,0,0,0,0,11,37.2,0,398,10,2/26,39.80,10.66,22.4,0,0,3,0
Rajasthan Royals,JC Buttler,IPL 2018,13,13,3,548,95*,54.80,353,155.24,0,5,0,52,21,-,-,-,-,-,-,-,-,-,-,-,9,1
Rajasthan Royals,JC Buttler,IPL 2019,8,8,0,311,89,38.87,205,151.70,0,3,0,38,14,-,-,-,-,-,-,-,-,-,-,-,8,0
Rajasthan Royals,S Gopal,IPL 2018,11,4,1,50,24,16.66,45,111.11,0,0,1,5,0,10,31.0,0,236,11,4/16,21.45,7.61,16.9,1,0,3,0
Rajasthan Royals,S Gopal,IPL 2019,14,7,3,63,19*,15.75,46,136.95,0,0,2,8,1,14,48.0,1,347,20,3/12,17.35,7.22,14.4,0,0,5,0
Rajasthan Royals,STR Binny,IPL 2018,7,5,0,44,22,8.80,39,112.82,0,0,1,2,2,1,2.0,0,33,0,-,-,16.50,-,0,0,1,0
Rajasthan Royals,STR Binny,IPL 2019,8,5,2,70,33*,23.33,40,175.00,0,0,1,5,4,5,7.0,0,44,1,1/19,44.00,6.28,42.0,0,0,0,0
Rajasthan Royals,VR Aaron,IPL 2019,5,1,1,3,3*,-,7,42.85,0,0,0,0,0,5,12.0,1,116,4,2/20,29.00,9.66,18.0,0,0,1,0
Rajasthan Royals,DS Kulkarni,IPL 2018,8,2,1,6,3*,6.00,7,85.71,0,0,0,0,0,8,19.5,0,188,4,2/32,47.00,9.47,29.7,0,0,1,0
Rajasthan Royals,DS Kulkarni,IPL 2019,10,1,1,5,5*,-,3,166.66,0,0,0,1,0,10,35.0,1,335,6,1/14,55.83,9.57,35.0,0,0,5,0
Rajasthan Royals,SPD Smith,IPL 2019,12,10,2,319,73*,39.87,275,116.00,0,3,0,30,4,-,-,-,-,-,-,-,-,-,-,-,3,0
Rajasthan Royals,AM Rahane,IPL 2018,15,14,1,370,65*,28.46,313,118.21,0,1,0,39,5,-,-,-,-,-,-,-,-,-,-,-,4,0
Rajasthan Royals,AM Rahane,IPL 2019,14,13,1,393,105*,32.75,285,137.89,1,1,1,45,9,-,-,-,-,-,-,-,-,-,-,-,5,0
Rajasthan Royals,Ankit Sharma,IPL 2018,1,-,-,-,-,-,-,-,-,-,-,-,-,1,1.0,0,11,0,-,-,11.00,-,0,0,0,0
Rajasthan Royals,BA Stokes,IPL 2018,13,13,1,196,45,16.33,161,121.73,0,0,1,13,6,12,37.0,1,303,8,3/15,37.87,8.18,27.7,0,0,6,0
Rajasthan Royals,BA Stokes,IPL 2019,9,9,3,123,46,20.50,99,124.24,0,0,1,8,4,6,16.5,0,189,6,2/39,31.50,11.22,16.8,0,0,3,0
Rajasthan Royals,RA Tripathi,IPL 2018,12,12,3,226,80*,25.11,167,135.32,0,1,0,18,8,-,-,-,-,-,-,-,-,-,-,-,4,0
Rajasthan Royals,RA Tripathi,IPL 2019,8,7,1,141,50,23.50,118,119.49,0,1,0,13,2,-,-,-,-,-,-,-,-,-,-,-,3,0
Rajasthan Royals,MK Lomror,IPL 2018,2,2,1,20,11,20.00,21,95.23,0,0,0,1,0,2,3.0,0,27,0,-,-,9.00,-,0,0,0,0
Rajasthan Royals,MK Lomror,IPL 2019,2,1,0,8,8,8.00,3,266.66,0,0,0,2,0,-,-,-,-,-,-,-,-,-,-,-,1,0
Rajasthan Royals,H Klaasen,IPL 2018,4,4,1,57,32,19.00,47,121.27,0,0,1,5,1,-,-,-,-,-,-,-,-,-,-,-,3,4
Rajasthan Royals,DJM Short,IPL 2018,7,7,0,115,44,16.42,99,116.16,0,0,0,11,5,2,3.0,0,19,1,1/10,19.00,6.33,18.0,0,0,2,0
Rajasthan Royals,K Gowtham,IPL 2018,15,13,4,126,33*,14,64,196.87,0,0,1,9,9,15,40.0,0,312,11,2/12,28.36,7.80,21.8,0,0,10,0
Rajasthan Royals,K Gowtham,IPL 2019,7,4,1,18,9,6.00,19,94.73,0,0,0,1,1,7,20.0,0,166,1,1/32,166.00,8.30,120.0,0,0,0,0
Rajasthan Royals,P Chopra,IPL 2018,1,1,0,8,8,8.00,6,133.33,0,0,0,2,0,-,-,-,-,-,-,-,-,-,-,-,0,0
Rajasthan Royals,P Chopra,IPL 2019,1,-,-,-,-,-,-,-,-,-,-,-,-,-,-,-,-,-,-,-,-,-,-,-,0,0
Rajasthan Royals,JC Archer,IPL 2018,10,8,3,15,8,3.00,21,71.42,0,0,3,2,0,10,38.5,0,325,15,3/22,21.66,8.36,15.5,0,0,1,0
Rajasthan Royals,JC Archer,IPL 2019,11,5,3,67,27*,33.50,40,167.50,0,0,0,4,4,11,43.0,2,291,11,3/15,26.45,6.76,23.4,0,0,3,0
Rajasthan Royals,B Laughlin,IPL 2018,7,2,1,1,1*,1.00,4,25.00,0,0,1,0,0,7,20.5,0,211,9,2/15,23.44,10.12,13.8,0,0,1,0
Rajasthan Royals,IS Sodhi,IPL 2018,6,1,0,1,1,1.00,6,16.66,0,0,0,0,0,6,23.0,0,135,5,1/14,27.00,5.86,27.6,0,0,0,0
Rajasthan Royals,IS Sodhi,IPL 2019,2,1,0,6,6,6.00,11,54.54,0,0,0,0,0,2,7.1,1,67,4,3/26,16.75,9.34,10.7,0,0,0,0
Rajasthan Royals,R Parag,IPL 2019,7,5,0,160,50,32.00,126,126.98,0,1,0,17,5,7,14.0,0,121,2,1/10,60.50,8.64,42.0,0,0,5,0
Rajasthan Royals,LS Livingstone,IPL 2019,4,4,1,70,44,23.33,48,145.83,0,0,0,6,5,1,1.0,0,13,0,-,-,13.00,-,0,0,4,0
Rajasthan Royals,AJ Turner,IPL 2019,4,4,1,3,3*,1.00,10,30.00,0,0,3,0,0,-,-,-,-,-,-,-,-,-,-,-,0,0
Rajasthan Royals,S Midhun,IPL 2019,1,-,-,-,-,-,-,-,-,-,-,-,-,1,2.0,0,27,0,-,-,13.50,-,0,0,1,0
Rajasthan Royals,O Thomas,IPL 2019,4,-,-,-,-,-,-,-,-,-,-,-,-,4,10.0,0,79,5,2/6,15.80,7.90,12.0,0,0,1,0
Delhi Capitals,CH Morris,IPL 2019,9,6,0,32,17,5.33,37,86.48,0,0,3,1,2,9,33.0,0,306,13,3/22,23.53,9.27,15.2,0,0,4,0
Delhi Capitals,RR Pant,IPL 2019,16,16,3,488,78*,37.53,300,162.66,0,3,0,37,27,-,-,-,-,-,-,-,-,-,-,-,18,6
Delhi Capitals,SS Iyer,IPL 2019,16,16,1,463,67,30.86,386,119.94,0,3,0,41,14,-,-,-,-,-,-,-,-,-,-,-,8,0
Delhi Capitals,A Mishra,IPL 2019,11,4,2,21,8,10.5,24,87.50,0,0,0,2,0,11,40.0,0,270,11,3/17,24.54,6.75,21.8,0,0,1,0
Delhi Capitals,AR Patel,IPL 2019,14,12,6,110,26,18.33,88,125.00,0,0,1,10,3,14,51.0,0,364,10,2/22,36.40,7.13,30.6,0,0,9,0
Delhi Capitals,C Munro,IPL 2019,4,4,0,84,40,21.00,70,120.00,0,0,0,9,4,-,-,-,-,-,-,-,-,-,-,-,0,0
Delhi Capitals,J Suchith,IPL 2019,1,1,0,6,6,6.00,15,40.00,0,0,0,0,0,1,4.0,0,28,2,2/28,14.00,7.00,12.0,0,0,0,0
Delhi Capitals,HV Patel,IPL 2019,2,2,1,0,0*,0.00,2,0.00,0,0,1,0,0,2,8.0,0,77,2,2/40,38.50,9.62,24.0,0,0,0,0
Delhi Capitals,S Dhawan,IPL 2019,16,16,1,521,97*,34.73,384,135.67,0,5,1,64,11,-,-,-,-,-,-,-,-,-,-,-,5,0
Delhi Capitals,TA Boult,IPL 2019,5,3,2,7,6,7.00,4,175.00,0,0,0,0,1,5,19.0,0,163,5,2/27,32.60,8.57,22.8,0,0,2,0
Delhi Capitals,I Sharma,IPL 2019,13,3,3,10,10*,-,3,333.33,0,0,0,1,1,13,46.0,1,349,13,3/38,26.84,7.58,21.2,0,0,1,0
Delhi Capitals,K Rabada,IPL 2019,12,4,1,14,9,4.66,15,93.33,0,0,1,0,1,12,47.0,0,368,25,4/21,14.72,7.82,11.2,2,0,6,0
Delhi Capitals,R Tewatia,IPL 2019,5,4,3,26,11*,26.00,22,118.18,0,0,0,2,1,3,6.2,0,42,2,1/10,21.00,6.63,19.0,0,0,6,0
Delhi Capitals,Avesh Khan,IPL 2019,1,1,1,4,4*,-,3,133.33,0,0,0,1,0,1,3.0,0,30,0,-,-,10.00,-,0,0,1,0
Delhi Capitals,PP Shaw,IPL 2019,16,16,0,353,99,22.06,264,133.71,0,2,1,45,9,-,-,-,-,-,-,-,-,-,-,-,2,0
Delhi Capitals,S Lamichhane,IPL 2019,6,1,0,0,0,0.00,1,0.00,0,0,1,0,0,6,23.0,0,210,8,3/40,26.25,9.13,17.2,0,0,2,0
Delhi Capitals,CA Ingram,IPL 2019,12,12,2,184,47,18.40,154,119.48,0,0,0,20,5,-,-,-,-,-,-,-,-,-,-,-,1,0
Delhi Capitals,SE Rutherford,IPL 2019,7,7,2,73,28*,14.60,54,135.18,0,0,0,2,7,6,6.5,0,59,1,1/6,59.00,8.63,41.0,0,0,5,0
Delhi Capitals,KMA Paul,IPL 2019,8,6,1,18,7,3.60,24,75.00,0,0,2,1,1,8,27.1,0,237,9,3/17,26.33,8.72,18.1,0,0,5,0
Delhi Capitals,GH Vihari,IPL 2019,2,2,0,4,2,2.00,8,50.00,0,0,0,0,0,1,1.0,0,9,0,-,-,9.00,-,0,0,0,0
